mfcc_1,mfcc_2,mfcc_3,mfcc_4,mfcc_5,mfcc_6,mfcc_7,mfcc_8,mfcc_9,mfcc_10,mfcc_11,mfcc_12,mfcc_13,mfcc_14,mfcc_15,mfcc_16,mfcc_17,mfcc_18,mfcc_19,mfcc_20,spectral_centroid,spectral_rolloff,spectral_bandwidth,zcr,chroma,rms,status
-203.94772338867188,109.76018524169922,82.74943542480469,47.94354248046875,13.11614990234375,-15.48619556427002,-32.75079345703125,-36.713470458984375,-31.311805725097656,-21.004179000854492,-11.41799259185791,-5.497402667999268,-5.128468036651611,-9.990510940551758,-17.07549285888672,-22.909168243408203,-24.17947769165039,-22.488807678222656,-17.572139739990234,-12.084236145019531,679.4670475821207,555.7222806490385,1619.1670429565236,0.017901141826923078,0.2828455865383148,0.6274024844169617,0
-232.23065185546875,108.51701354980469,83.22538757324219,48.73683166503906,12.992706298828125,-16.351707458496094,-34.16489028930664,-38.9470329284668,-33.69157028198242,-22.93143653869629,-11.128901481628418,-4.728642463684082,-4.554654598236084,-9.43482494354248,-16.228944778442383,-21.877357482910156,-25.24408531188965,-24.28618812561035,-19.443225860595703,-13.24500560760498,600.4512468798757,482.34375,1461.0712691206857,0.017818509615384615,0.26191338896751404,0.6314017176628113,0
-246.95257568359375,96.18505859375,79.05810546875,54.91593551635742,26.84912872314453,2.8720879554748535,-16.37501335144043,-28.4139347076416,-32.499698638916016,-30.29245376586914,-21.896257400512695,-13.505354881286621,-5.888295650482178,-2.772946834564209,-3.0221052169799805,-7.691784858703613,-13.699122428894043,-19.286361694335938,-22.092805862426758,-22.436315536499023,597.844448753998,441.7619441105769,1528.3596571316953,0.015790264423076922,0.20318107306957245,0.638055145740509,0
-233.26861572265625,86.86868286132812,81.64016723632812,72.47237396240234,60.54362487792969,48.024497985839844,34.467594146728516,20.948139190673828,9.947174072265625,0.28070980310440063,-6.893772125244141,-10.508661270141602,-13.130741119384766,-13.043341636657715,-11.849041938781738,-8.627150535583496,-4.269209384918213,-1.3410009145736694,-0.04819359630346298,0.44048023223876953,530.1342181871491,268.0055588942308,1628.448698048793,0.00888671875,0.472049355506897,0.6314365863800049,0
-261.75079345703125,89.55846405029297,75.69944763183594,54.4725227355957,29.479137420654297,6.272811412811279,-13.392250061035156,-25.62254524230957,-31.609817504882812,-30.123727798461914,-23.56389045715332,-15.46279525756836,-8.445040702819824,-4.076873779296875,-3.5940966606140137,-5.432186603546143,-9.202895164489746,-14.145734786987305,-19.02912139892578,-22.7373104095459,583.8429261189169,413.27185997596155,1519.6686950666392,0.015301983173076922,0.17018598318099976,0.6361407041549683,0
-207.7683563232422,109.2750015258789,94.84532928466797,73.2745132446289,47.33306121826172,23.296287536621094,2.685166597366333,-12.063667297363281,-19.194351196289062,-21.18624496459961,-18.606727600097656,-12.223302841186523,-7.464605808258057,-3.415590524673462,-1.2168526649475098,-2.0613327026367188,-5.371115207672119,-8.183321952819824,-10.068163871765137,-11.095871925354004,571.7184877462443,391.5730168269231,1575.578240561337,0.012830528846153846,0.437767893075943,0.6326245665550232,0
-358.61126708984375,116.03629302978516,94.02222442626953,73.84681701660156,49.197486877441406,23.792787551879883,0.8790610432624817,-17.196807861328125,-29.125782012939453,-33.74593734741211,-32.60670852661133,-27.33908462524414,-19.377460479736328,-11.382704734802246,-4.9683966636657715,-1.5765602588653564,-1.305530309677124,-4.172451496124268,-8.873346328735352,-14.412251472473145,319.3137095750916,347.8440504807692,830.3940906209244,0.013559194711538462,0.20748937129974365,0.6454866528511047,0
-244.69970703125,87.64921569824219,75.30957794189453,55.14349365234375,32.8195686340332,10.762324333190918,-7.42641019821167,-20.903532028198242,-27.229114532470703,-27.73773765563965,-24.2054386138916,-18.32677459716797,-12.231545448303223,-6.6879706382751465,-3.518486261367798,-3.1626193523406982,-5.6153082847595215,-10.240368843078613,-15.368071556091309,-19.655014038085938,632.4105967138586,463.12950721153845,1645.4377056713502,0.01464092548076923,0.19920668005943298,0.6361217498779297,0
-209.7393341064453,102.08007049560547,81.37149047851562,51.81460189819336,20.992568969726562,-6.303697109222412,-25.980939865112305,-34.95633316040039,-33.302589416503906,-25.6981201171875,-16.190641403198242,-9.044571876525879,-5.4152116775512695,-5.126837730407715,-9.64783763885498,-16.28099250793457,-20.58469009399414,-21.996015548706055,-20.371318817138672,-17.612497329711914,676.6941615818391,522.5942758413462,1656.2463427526202,0.01662409855769231,0.26556599140167236,0.6286478638648987,0
-347.9813537597656,126.48426818847656,105.78636169433594,86.48851013183594,63.44910430908203,38.97837448120117,16.12571144104004,-3.26405930519104,-17.920923233032227,-26.160533905029297,-29.3454532623291,-27.22235870361328,-21.848472595214844,-15.443242073059082,-8.970309257507324,-3.971998453140259,-1.0475057363510132,-0.5408632159233093,-2.1704330444335938,-5.228010177612305,278.92603240065586,298.81460336538464,789.2829119326087,0.011696213942307692,0.3277715742588043,0.6375774145126343,0
-228.81988525390625,71.73670959472656,60.17063903808594,41.33784103393555,21.440874099731445,2.6316568851470947,-11.904067993164062,-21.70709800720215,-24.711950302124023,-22.458858489990234,-16.815675735473633,-10.285268783569336,-5.9629669189453125,-3.4173264503479004,-3.8551886081695557,-7.083500862121582,-12.39188289642334,-16.441951751708984,-18.496450424194336,-19.493228912353516,807.2766282756684,535.5141977163462,1918.9164223957805,0.016075721153846152,0.17049482464790344,0.6306353211402893,0
-278.13427734375,100.69258117675781,92.03436279296875,78.00688171386719,61.86385726928711,44.22065353393555,27.389509201049805,11.553674697875977,-2.4166512489318848,-12.61155891418457,-17.985130310058594,-20.883811950683594,-20.55265235900879,-16.833087921142578,-12.348453521728516,-7.441399574279785,-3.683107852935791,-0.9086681604385376,0.8748295307159424,1.1280299425125122,399.43971626484273,268.1711989182692,1279.3494826263427,0.0103515625,0.33757680654525757,0.6413953304290771,0
-238.54795837402344,73.48450469970703,60.74953079223633,41.452842712402344,20.442522048950195,1.362284541130066,-14.0662841796875,-22.384531021118164,-24.3155460357666,-21.374982833862305,-15.869061470031738,-9.13398265838623,-4.585157871246338,-3.403563976287842,-6.220702648162842,-10.785256385803223,-15.405516624450684,-18.290529251098633,-20.704835891723633,-20.056264877319336,763.0898892963411,575.4334435096154,1827.4591623241865,0.01659405048076923,0.18190425634384155,0.6339794993400574,0
-260.1871337890625,103.59478759765625,70.77545928955078,29.639301300048828,-8.760104179382324,-34.13833236694336,-41.30600357055664,-34.578250885009766,-19.853546142578125,-7.651844501495361,-3.1915597915649414,-7.178668022155762,-16.341732025146484,-25.071063995361328,-28.838422775268555,-25.585603713989258,-18.036832809448242,-10.160449028015137,-6.428834438323975,-9.71937370300293,598.2155800908098,513.1527944711538,1344.0693078754273,0.021033653846153848,0.1856284886598587,0.6364825367927551,0
-228.1822509765625,77.43437194824219,73.26976776123047,64.10647583007812,51.63966369628906,38.99114227294922,26.3863525390625,14.364502906799316,4.359962463378906,-4.24074649810791,-12.277801513671875,-17.468536376953125,-18.65550422668457,-18.82716941833496,-16.61488151550293,-13.5520601272583,-9.835586547851562,-6.735988140106201,-4.307511329650879,-1.9376649856567383,661.67254043818,344.69689002403845,1832.0742255659354,0.01005859375,0.3199576735496521,0.6313228607177734,0
-233.31353759765625,85.05793762207031,71.27880859375,49.35721969604492,26.439462661743164,4.364921569824219,-12.823383331298828,-24.594785690307617,-28.22261619567871,-25.861757278442383,-20.703311920166016,-12.969561576843262,-7.370416164398193,-4.183600425720215,-4.422143459320068,-7.436492443084717,-12.157859802246094,-17.03194236755371,-20.359378814697266,-21.596115112304688,714.1594084864392,513.9809945913462,1767.4213569906296,0.0158203125,0.1850663274526596,0.6325282454490662,0
-238.64517211914062,133.04847717285156,89.00411224365234,35.06760025024414,-13.39041519165039,-42.25206756591797,-47.969810485839844,-37.6845703125,-20.321353912353516,-8.001529693603516,-5.37032413482666,-11.859147071838379,-21.893999099731445,-29.197317123413086,-30.25403594970703,-24.563085556030273,-15.79102897644043,-10.532379150390625,-9.815378189086914,-13.579928398132324,549.1764659922175,530.3793569711538,1210.517636147455,0.020943509615384614,0.2784552276134491,0.6401854753494263,0
-227.5225067138672,98.02275848388672,73.80058288574219,41.31752014160156,8.481029510498047,-18.231388092041016,-33.113380432128906,-36.75898742675781,-30.38835334777832,-19.511316299438477,-8.555885314941406,-2.8688926696777344,-3.9977097511291504,-10.205013275146484,-17.762619018554688,-22.89806365966797,-24.359760284423828,-22.144695281982422,-16.782930374145508,-11.359057426452637,670.2431737518132,550.2561598557693,1594.3666750177222,0.018419471153846154,0.2141956388950348,0.6304475665092468,0
-235.39407348632812,95.99274444580078,83.53862762451172,62.05979537963867,38.48330307006836,16.36256217956543,-4.111827373504639,-19.787609100341797,-27.692089080810547,-29.33428955078125,-27.00006103515625,-20.89551544189453,-12.962896347045898,-7.646100044250488,-4.677513122558594,-3.3414628505706787,-5.089859485626221,-8.92505168914795,-12.841657638549805,-16.84142303466797,590.0089118887893,406.9775390625,1583.0524440747683,0.013882211538461538,0.26815611124038696,0.633678138256073,0
-354.02294921875,109.91361999511719,93.73787689208984,78.36734008789062,60.8392219543457,40.73479080200195,20.830812454223633,3.4389264583587646,-10.777715682983398,-21.38079261779785,-27.14592170715332,-28.7913818359375,-26.502614974975586,-22.10856819152832,-15.76816177368164,-10.205912590026855,-4.298650741577148,-0.7715650796890259,0.31851574778556824,-0.029488801956176758,297.28716446679755,283.57572115384613,898.1936953156227,0.011290564903846154,0.2689226269721985,0.6441274881362915,0
-284.9897766113281,125.72158813476562,110.36092376708984,87.23253631591797,61.889076232910156,35.59443283081055,13.102184295654297,-4.2906365394592285,-15.52391242980957,-19.479225158691406,-18.726072311401367,-14.799371719360352,-9.428262710571289,-4.948919773101807,-1.5621522665023804,0.42439961433410645,0.2402806282043457,-1.8661726713180542,-5.227240085601807,-7.4275665283203125,340.4741336250411,303.9494441105769,1054.571869438805,0.011403245192307692,0.42275258898735046,0.6379820704460144,0
-264.91571044921875,106.99921417236328,97.63028717041016,81.90657806396484,64.2108383178711,44.98142623901367,25.421539306640625,9.20474910736084,-2.7941925525665283,-10.707317352294922,-14.54134750366211,-15.403133392333984,-14.351112365722656,-10.406071662902832,-6.030124664306641,-3.6619856357574463,-1.2190155982971191,0.204908087849617,0.627625584602356,-0.5385621786117554,395.10502308630475,281.91932091346155,1272.4164521726022,0.010118689903846154,0.458862841129303,0.6404812335968018,0
-221.0788116455078,102.53450775146484,87.68086242675781,66.60565185546875,41.49658966064453,15.96576976776123,-5.261450290679932,-20.247631072998047,-26.972707748413086,-28.031898498535156,-23.616418838500977,-17.355308532714844,-10.326883316040039,-5.671910285949707,-3.219204902648926,-4.104640483856201,-7.303754806518555,-10.559967041015625,-14.065983772277832,-17.984373092651367,591.5237030252391,428.34510216346155,1578.9498581641242,0.01385967548076923,0.3423636555671692,0.6300411820411682,0
-270.99822998046875,91.88189697265625,76.67515563964844,53.68862533569336,28.57045555114746,5.5297698974609375,-12.858820915222168,-25.065603256225586,-30.162511825561523,-27.781261444091797,-21.74577522277832,-13.286611557006836,-6.102194309234619,-3.520888328552246,-3.3035500049591064,-7.053415298461914,-11.863653182983398,-17.65619659423828,-21.454025268554688,-22.09573745727539,553.2939725975485,383.45665564903845,1449.83556723758,0.015707632211538463,0.19447344541549683,0.6362539529800415,0
-289.4289855957031,90.54792785644531,81.95112609863281,68.85504913330078,51.28367614746094,33.522396087646484,16.25259017944336,1.0845106840133667,-11.12977409362793,-20.049257278442383,-25.04691505432129,-25.453237533569336,-24.011720657348633,-19.474044799804688,-14.48813533782959,-9.458670616149902,-4.522778511047363,-1.9919872283935547,-0.9915069341659546,-1.8308626413345337,452.72276114424267,315.87552584134613,1350.1382246283986,0.011703725961538462,0.26405325531959534,0.6345020532608032,0
-213.2001190185547,93.45772552490234,66.6277084350586,28.372329711914062,-7.07274866104126,-29.418869018554688,-37.18773651123047,-32.34490203857422,-19.42472267150879,-7.253655433654785,-2.611340284347534,-5.276408672332764,-12.700819969177246,-20.809728622436523,-25.79081153869629,-23.599157333374023,-17.33465003967285,-11.232735633850098,-7.361566543579102,-7.774967193603516,764.7200313917358,654.2780949519231,1700.1600294950879,0.020808293269230768,0.20635472238063812,0.6356933116912842,0
-232.36495971679688,108.27313232421875,90.69559478759766,64.54035949707031,36.48358917236328,10.122666358947754,-12.598993301391602,-26.7858829498291,-30.88376808166504,-29.36063575744629,-23.410900115966797,-15.450093269348145,-8.681370735168457,-4.329678058624268,-3.8762645721435547,-6.144227504730225,-10.827356338500977,-16.11277961730957,-19.498903274536133,-19.43388557434082,554.0433820033558,432.65174278846155,1467.8400491120917,0.014723557692307692,0.31154653429985046,0.6354816555976868,0
-225.84681701660156,81.90126037597656,59.440242767333984,29.466388702392578,1.0235118865966797,-19.631044387817383,-29.648279190063477,-28.66180992126465,-20.66999053955078,-10.129663467407227,-3.7955994606018066,-4.235926151275635,-10.293917655944824,-17.648666381835938,-22.831619262695312,-24.006038665771484,-19.770244598388672,-13.965949058532715,-8.312580108642578,-5.714188098907471,795.5735717155561,669.0200570913462,1782.3336823592724,0.02012469951923077,0.15273134410381317,0.629693865776062,0
-208.35963439941406,103.68343353271484,83.49594116210938,54.787109375,24.227643966674805,-2.9909861087799072,-22.290712356567383,-33.1180305480957,-32.87876510620117,-26.833951950073242,-17.993112564086914,-10.223093032836914,-6.253483772277832,-4.784256935119629,-8.343130111694336,-13.937761306762695,-18.102352142333984,-20.727048873901367,-21.06847381591797,-18.521028518676758,665.5222975934697,502.22055288461536,1649.9960310788142,0.0162109375,0.29127237200737,0.6296824216842651,0
-285.27130126953125,90.17611694335938,77.42532348632812,58.02800369262695,35.23514938354492,12.304868698120117,-6.700310230255127,-19.81374168395996,-26.852914810180664,-27.83648681640625,-23.59735107421875,-17.718595504760742,-10.91075325012207,-5.2005157470703125,-2.3406565189361572,-2.7809436321258545,-7.009604454040527,-12.024008750915527,-16.491607666015625,-20.458438873291016,513.2948703521681,356.1260516826923,1393.075504446818,0.014791165865384615,0.19321143627166748,0.6346272826194763,0
-334.579833984375,119.01844787597656,90.46869659423828,55.59700393676758,19.736967086791992,-10.523175239562988,-31.52332878112793,-40.16954803466797,-37.86093521118164,-27.27191162109375,-15.52857494354248,-6.156644821166992,-2.049797534942627,-4.495716094970703,-10.442291259765625,-19.26401138305664,-24.932723999023438,-28.01435661315918,-25.480695724487305,-19.829988479614258,398.21548210997776,412.1123798076923,928.8172886170624,0.0173828125,0.19725866615772247,0.6438578963279724,0
-258.7783203125,90.11396026611328,70.31513214111328,42.886322021484375,14.142542839050293,-10.057861328125,-25.413040161132812,-31.811046600341797,-29.06516456604004,-20.424339294433594,-11.690704345703125,-5.296363830566406,-3.121168375015259,-6.952978134155273,-13.680734634399414,-20.245132446289062,-23.32373809814453,-23.25849723815918,-20.2572078704834,-14.886369705200195,624.3349146120352,443.583984375,1526.003888142711,0.01797626201923077,0.16266226768493652,0.6390147805213928,0
-226.1179962158203,102.52472686767578,88.19961547851562,65.70030975341797,40.1821174621582,15.254467964172363,-6.160927772521973,-20.92988395690918,-28.126052856445312,-28.465932846069336,-24.54273796081543,-18.222150802612305,-11.181290626525879,-5.616671085357666,-3.4946646690368652,-4.23061466217041,-7.266910076141357,-11.616155624389648,-15.54627799987793,-17.929866790771484,577.9895209103162,407.64009915865387,1552.5820417756106,0.013957331730769231,0.31844308972358704,0.6337389945983887,0
-272.4189453125,91.25886535644531,84.1164779663086,74.52828979492188,62.246177673339844,47.43283462524414,32.10334396362305,18.629159927368164,5.687029838562012,-4.770370960235596,-11.323949813842773,-16.690776824951172,-18.198196411132812,-18.209102630615234,-16.022991180419922,-12.803801536560059,-9.238009452819824,-4.599289417266846,-0.857912003993988,-0.19208264350891113,426.80357926331664,273.63731971153845,1372.9838258418392,0.009487680288461538,0.3951500654220581,0.6399891376495361,0
-298.6011657714844,114.4174575805664,84.738037109375,46.76665115356445,8.18099594116211,-22.915212631225586,-39.87895965576172,-41.09180450439453,-32.13310241699219,-19.257965087890625,-7.44735860824585,-2.282288074493408,-4.9136128425598145,-12.879168510437012,-21.61368179321289,-28.070751190185547,-29.342004776000977,-24.733413696289062,-16.524059295654297,-8.854930877685547,475.8516364137929,455.01314603365387,1100.2229497815003,0.018855168269230768,0.19581815600395203,0.6372156143188477,0
-251.9736328125,140.9240264892578,97.74810028076172,44.92189407348633,-3.6656010150909424,-36.60041809082031,-47.5018196105957,-40.6253776550293,-25.464704513549805,-11.448254585266113,-4.737145900726318,-7.595005035400391,-17.55116081237793,-25.38410758972168,-28.439834594726562,-26.41600227355957,-21.198591232299805,-14.79828929901123,-10.901776313781738,-11.020395278930664,494.4824512386135,498.07955228365387,1108.7103186160384,0.019809194711538462,0.2923012375831604,0.6319482922554016,0
-274.0937805175781,110.8932113647461,75.77984619140625,29.85809326171875,-11.573857307434082,-37.24623489379883,-45.14387893676758,-36.798946380615234,-20.287263870239258,-6.864616870880127,-1.7053929567337036,-6.045775413513184,-16.570878982543945,-25.422861099243164,-29.634395599365234,-26.46469497680664,-18.079273223876953,-9.068977355957031,-6.700450420379639,-10.054652214050293,545.6570268935683,509.5087139423077,1204.9467399880598,0.021041165865384615,0.20441751182079315,0.6382389664649963,0
-254.63888549804688,114.50228881835938,76.12699890136719,29.991477966308594,-12.251763343811035,-37.774227142333984,-44.70676040649414,-36.510536193847656,-20.165390014648438,-7.686230182647705,-3.0315933227539062,-7.575377464294434,-18.12354850769043,-26.958850860595703,-29.590883255004883,-25.18018913269043,-17.322643280029297,-8.94532585144043,-6.9172186851501465,-11.335604667663574,577.186471273957,535.6798377403846,1273.0906388149785,0.021146334134615384,0.21455250680446625,0.6349650025367737,0
-214.42620849609375,108.24066162109375,73.9781265258789,31.236881256103516,-7.937032222747803,-32.974212646484375,-41.73130798339844,-35.79071807861328,-21.74519157409668,-8.77957820892334,-3.2199456691741943,-7.002594470977783,-15.641768455505371,-23.925796508789062,-27.110387802124023,-24.93411636352539,-17.961210250854492,-10.663186073303223,-6.845422267913818,-9.170074462890625,685.5804746467296,611.2116887019231,1539.312303849681,0.020748197115384615,0.23986601829528809,0.6282957196235657,0
-248.59507751464844,120.70602416992188,83.52793884277344,35.795867919921875,-8.432323455810547,-37.106571197509766,-46.39337158203125,-39.04449462890625,-22.900983810424805,-9.25033950805664,-3.6642491817474365,-7.665267467498779,-17.10771369934082,-25.65696907043457,-30.217472076416016,-27.56138038635254,-19.236438751220703,-11.934124946594238,-7.75062370300293,-8.981640815734863,564.8681427983717,516.9625150240385,1265.5977115647968,0.020680588942307693,0.23821744322776794,0.6405718326568604,0
-243.05523681640625,92.76848602294922,77.98873901367188,54.88278579711914,30.047208786010742,6.713199138641357,-13.259637832641602,-26.184051513671875,-31.046894073486328,-29.72393798828125,-23.647897720336914,-15.990681648254395,-8.60619831085205,-3.845113515853882,-3.4928715229034424,-5.673174858093262,-11.237127304077148,-15.572807312011719,-19.27967071533203,-21.92601776123047,617.5073440595667,467.6017878605769,1588.0676310685776,0.015279447115384615,0.1998012810945511,0.6371960043907166,0
-283.6676940917969,89.78009033203125,77.25330352783203,59.46636199951172,39.85014724731445,20.033279418945312,1.8309836387634277,-13.225578308105469,-22.965999603271484,-27.020954132080078,-26.518672943115234,-22.037172317504883,-15.854219436645508,-9.304335594177246,-4.715152263641357,-2.974112033843994,-3.1820554733276367,-5.6855363845825195,-10.182441711425781,-14.402917861938477,507.4952165426656,360.10141225961536,1407.4877831130948,0.013777043269230769,0.20310838520526886,0.6398524045944214,0
-228.12823486328125,75.54877471923828,71.68801879882812,64.31317901611328,55.77182388305664,46.052947998046875,36.115501403808594,25.53680419921875,15.27774715423584,6.503079414367676,-0.9343042373657227,-6.890176296234131,-11.10295295715332,-12.317514419555664,-13.356964111328125,-11.977989196777344,-10.597298622131348,-8.386772155761719,-5.911240100860596,-5.134822368621826,629.8020375455866,301.29920372596155,1820.4696024892417,0.008548677884615385,0.41283881664276123,0.6264042258262634,0
-263.9065856933594,86.06293487548828,79.15283203125,67.84819030761719,54.08588790893555,38.53606033325195,23.073015213012695,7.777565002441406,-3.69026780128479,-13.384016036987305,-19.655109405517578,-22.66114616394043,-22.352514266967773,-20.65655517578125,-17.403282165527344,-12.044929504394531,-7.246344089508057,-3.7726266384124756,-1.8407609462738037,-1.0762803554534912,509.2498205624831,315.7098858173077,1515.9155757527606,0.010719651442307692,0.28698286414146423,0.6401465535163879,0
-266.2872619628906,111.62630462646484,96.63774108886719,76.15515899658203,51.99647903442383,26.391923904418945,4.174938678741455,-12.577401161193848,-22.92367172241211,-27.813066482543945,-25.99656105041504,-21.27632713317871,-15.244268417358398,-9.150185585021973,-4.602263450622559,-1.7978116273880005,-2.804142713546753,-5.580761432647705,-8.494818687438965,-12.478901863098145,429.39532609401954,347.6784104567308,1244.039629780739,0.012680288461538462,0.35502979159355164,0.6409168839454651,0
-211.9882354736328,109.1655502319336,90.08451080322266,59.76873016357422,27.44481658935547,-1.216629981994629,-20.470327377319336,-30.369749069213867,-31.85645294189453,-26.386274337768555,-17.904687881469727,-9.48686695098877,-4.72642707824707,-4.69248628616333,-7.345217227935791,-13.161797523498535,-17.742481231689453,-20.653512954711914,-20.911632537841797,-18.16688346862793,632.3553923432812,470.91458834134613,1597.960273017812,0.015993088942307693,0.29298973083496094,0.6270458102226257,0
-212.51707458496094,103.5391616821289,84.89323425292969,57.21390914916992,28.153915405273438,0.005400679539889097,-20.37481117248535,-30.65182876586914,-32.696617126464844,-27.70965576171875,-19.500141143798828,-11.199384689331055,-6.324794769287109,-4.641027927398682,-6.724563121795654,-11.048272132873535,-17.038066864013672,-20.45794105529785,-21.020700454711914,-19.71511459350586,648.2960724506894,492.94471153846155,1629.2224198912397,0.01580528846153846,0.2924627661705017,0.6290271282196045,0
-280.1619873046875,83.0192642211914,77.44989013671875,70.19144439697266,60.016578674316406,48.23975372314453,35.05063247680664,23.559385299682617,13.045797348022461,2.723184585571289,-5.194977283477783,-12.213848114013672,-15.45058822631836,-16.983617782592773,-17.47663688659668,-16.509437561035156,-13.838590621948242,-10.954059600830078,-6.8953680992126465,-3.6062119007110596,456.2299162587546,269.1650390625,1455.8190539026496,0.009044471153846155,0.33151495456695557,0.6321503520011902,0
-243.60873413085938,106.4485092163086,86.97979736328125,59.29361343383789,30.53936767578125,4.062438011169434,-17.240345001220703,-30.01378631591797,-33.28858947753906,-30.085859298706055,-21.354907989501953,-12.701112747192383,-6.222906589508057,-2.7372326850891113,-4.294314861297607,-7.8933258056640625,-13.87255859375,-19.432113647460938,-22.17717170715332,-22.773181915283203,560.0376540968394,404.98985877403845,1457.713823775683,0.01563251201923077,0.22118939459323883,0.6392223834991455,0
-332.2484436035156,104.42501068115234,83.02522277832031,55.853538513183594,26.116762161254883,-1.4748800992965698,-22.03506088256836,-33.63164520263672,-34.65934371948242,-30.875215530395508,-21.402606964111328,-11.508166313171387,-4.794116497039795,-1.844298243522644,-4.83860445022583,-11.322124481201172,-17.569822311401367,-23.427133560180664,-25.56114959716797,-24.550689697265625,410.3233290893977,384.6161358173077,1038.0001639390903,0.01633112980769231,0.17082543671131134,0.637987494468689,0
-239.68280029296875,109.58504486083984,89.0888671875,57.888248443603516,25.48248291015625,-3.7244949340820312,-24.035873413085938,-34.52119827270508,-34.22334289550781,-28.53917694091797,-20.048242568969727,-9.610584259033203,-4.634347438812256,-3.514733076095581,-7.103272438049316,-13.005254745483398,-19.013303756713867,-22.22929573059082,-22.76968765258789,-20.985977172851562,555.2763903477456,422.71334134615387,1424.660773619413,0.01622596153846154,0.26877784729003906,0.6373851895332336,0
-231.66064453125,98.41835021972656,83.37777709960938,60.81086349487305,35.67748260498047,10.634462356567383,-9.845715522766113,-24.292137145996094,-29.91500473022461,-29.104970932006836,-25.59185791015625,-18.032760620117188,-8.76469898223877,-4.774531841278076,-3.545090913772583,-5.617756366729736,-8.431818008422852,-12.23579216003418,-16.975261688232422,-20.133956909179688,607.0392188002336,442.09322415865387,1588.9244673826524,0.01465594951923077,0.2743937373161316,0.6345404982566833,0
-261.6054992675781,93.31871032714844,71.46440124511719,42.07240295410156,10.502188682556152,-15.613205909729004,-31.049100875854492,-35.148223876953125,-29.775249481201172,-18.578832626342773,-9.112447738647461,-3.918973207473755,-4.333073616027832,-9.036598205566406,-16.509931564331055,-22.04120445251465,-24.631364822387695,-23.196704864501953,-18.4448299407959,-12.335376739501953,600.9560958122662,453.85366586538464,1453.2267611048846,0.018426983173076922,0.18446795642375946,0.6316820979118347,0
-278.6346740722656,107.63449096679688,84.64241790771484,54.14775848388672,21.245664596557617,-8.06241226196289,-28.270408630371094,-37.45377731323242,-36.65160369873047,-27.800609588623047,-16.67064094543457,-7.558377265930176,-2.677638530731201,-3.589517116546631,-8.829414367675781,-16.66038703918457,-22.92984962463379,-24.99112319946289,-23.859498977661133,-20.225133895874023,505.1667019025406,430.3327824519231,1265.3881720924855,0.017059795673076923,0.17390529811382294,0.6382158994674683,0
-335.2088623046875,93.95156860351562,76.65605926513672,55.399024963378906,32.0352897644043,9.049830436706543,-9.477897644042969,-21.42108154296875,-26.070175170898438,-26.50423240661621,-20.964534759521484,-14.16089916229248,-8.3801908493042,-4.696213245391846,-4.786513328552246,-7.8139328956604,-12.39248275756836,-17.647254943847656,-21.49958610534668,-22.604595184326172,422.761011753103,367.2239332932692,1123.7272322390063,0.015745192307692307,0.1750369668006897,0.6431052088737488,0
-318.83172607421875,127.28661346435547,103.70487213134766,72.52741241455078,38.723594665527344,7.1022186279296875,-18.35117530822754,-34.52484130859375,-39.33949279785156,-35.517459869384766,-26.36260986328125,-14.866401672363281,-7.123377799987793,-2.11397123336792,-2.4237852096557617,-6.2060041427612305,-13.038037300109863,-19.245758056640625,-22.927581787109375,-23.644126892089844,369.44884977386766,377.1623347355769,936.8112371879612,0.01513671875,0.2658943831920624,0.6383558511734009,0
-244.80015563964844,82.57141876220703,68.3872299194336,48.256622314453125,26.81407356262207,5.681037902832031,-11.813847541809082,-23.004987716674805,-27.712413787841797,-27.051937103271484,-20.963064193725586,-14.64473819732666,-8.35822582244873,-3.9208710193634033,-2.6120896339416504,-5.828816890716553,-11.59192180633545,-16.389970779418945,-19.840782165527344,-21.454387664794922,674.307285403969,498.4108323317308,1702.3453618188812,0.015564903846153846,0.1771123856306076,0.6361427903175354,0
-233.9024658203125,107.6712646484375,88.86511993408203,60.29414749145508,29.015352249145508,1.1334086656570435,-19.107162475585938,-31.107192993164062,-34.293312072753906,-30.268680572509766,-21.25045394897461,-12.027159690856934,-6.007697582244873,-4.2891693115234375,-6.258234024047852,-10.043272972106934,-14.457843780517578,-19.765649795532227,-22.95597267150879,-20.634723663330078,567.1908589763731,438.4491436298077,1470.0567062693453,0.015564903846153846,0.2781476080417633,0.6309360265731812,0
-262.7684631347656,114.2972183227539,89.49913024902344,56.036109924316406,20.765745162963867,-11.248920440673828,-32.40114974975586,-39.89995193481445,-36.63969039916992,-26.769189834594727,-15.142756462097168,-6.090939044952393,-2.790578603744507,-5.273004055023193,-11.838876724243164,-18.4625301361084,-23.73391342163086,-26.113510131835938,-22.539934158325195,-17.280277252197266,506.2340314299259,442.09322415865387,1259.8910418608473,0.01709735576923077,0.25148501992225647,0.6392573714256287,0
-283.4362487792969,107.92170715332031,91.82466125488281,68.84434509277344,42.601226806640625,16.133867263793945,-6.908538341522217,-23.27471351623535,-32.056217193603516,-33.350563049316406,-29.03936004638672,-22.04740333557129,-12.992791175842285,-5.824553966522217,-1.376023530960083,-1.8779300451278687,-5.509181499481201,-9.477335929870605,-15.185571670532227,-19.70888328552246,438.1055136186836,351.8194110576923,1218.0749146034825,0.014122596153846154,0.2517299950122833,0.6376620531082153,0
-282.46978759765625,97.00927734375,69.80402374267578,33.53269577026367,-0.3531942665576935,-25.381444931030273,-37.13897705078125,-34.24293518066406,-24.00213623046875,-12.684906959533691,-4.223947048187256,-3.477571964263916,-10.445307731628418,-19.852169036865234,-25.787456512451172,-27.19496726989746,-23.453493118286133,-14.945923805236816,-8.384359359741211,-5.652939796447754,562.8413647322,483.5032301682692,1298.458578338605,0.020147235576923078,0.1672966629266739,0.6372454762458801,0
-244.31472778320312,102.00357818603516,87.31977081298828,65.01122283935547,39.5374870300293,16.012475967407227,-4.3424859046936035,-19.198219299316406,-28.16167640686035,-29.88129425048828,-27.715417861938477,-20.90509033203125,-12.960192680358887,-6.10665225982666,-2.0643978118896484,-2.633051633834839,-4.975199222564697,-9.861363410949707,-13.671539306640625,-16.738798141479492,553.1369299751711,398.86117788461536,1491.154283109546,0.014032451923076924,0.24036362767219543,0.6348833441734314,0
-267.5455017089844,83.00200653076172,70.29863739013672,51.44023513793945,29.46079444885254,9.328245162963867,-7.495830535888672,-20.154064178466797,-26.07463264465332,-27.297958374023438,-22.67138671875,-16.001245498657227,-9.108604431152344,-4.5455474853515625,-3.2200262546539307,-5.055487155914307,-8.284207344055176,-13.246291160583496,-17.0014705657959,-20.20398712158203,592.9252889626594,375.0090144230769,1557.7887393678693,0.015099158653846154,0.18941079080104828,0.635857105255127,0
-264.47174072265625,71.0367202758789,63.37974166870117,51.0645866394043,38.31889724731445,23.329883575439453,8.465731620788574,-4.109143257141113,-14.537111282348633,-20.515676498413086,-22.487056732177734,-22.41693115234375,-18.92706871032715,-14.512375831604004,-10.459586143493652,-6.241855144500732,-3.1912245750427246,-1.780623197555542,-2.74379825592041,-4.581122875213623,628.9858297547916,385.27869591346155,1710.9554148156224,0.012575120192307693,0.22401933372020721,0.6352942585945129,0
-206.65557861328125,109.59648895263672,74.1948471069336,29.02943992614746,-10.959933280944824,-36.05803298950195,-42.2537841796875,-33.46208190917969,-18.806142807006836,-8.019113540649414,-5.166871070861816,-9.711457252502441,-18.597633361816406,-26.519426345825195,-27.556245803833008,-23.1534423828125,-14.926300048828125,-9.856372833251953,-8.033855438232422,-11.744370460510254,717.4701171130189,641.8550931490385,1590.485535815324,0.021251502403846153,0.22107219696044922,0.6314325928688049,0
-225.1035614013672,86.29012298583984,75.24398803710938,57.92878723144531,37.516746520996094,17.809982299804688,-0.503017008304596,-14.095934867858887,-23.268991470336914,-27.355674743652344,-25.461109161376953,-21.309537887573242,-15.705350875854492,-8.574466705322266,-4.293614387512207,-2.4099936485290527,-2.6024086475372314,-6.268421649932861,-11.201960563659668,-14.924074172973633,706.4653068034536,451.53470552884613,1802.9362505879112,0.013874699519230769,0.21487019956111908,0.6318597197532654,0
-262.7439270019531,115.24256896972656,86.61737060546875,48.53321075439453,10.184442520141602,-20.006013870239258,-37.53457260131836,-40.70063400268555,-33.844112396240234,-21.220584869384766,-10.580768585205078,-4.465823173522949,-4.435389995574951,-10.376102447509766,-18.41745948791504,-24.987089157104492,-26.98770523071289,-25.62281036376953,-18.69422149658203,-11.803403854370117,523.2774812300813,471.74278846153845,1255.011134033791,0.018216646634615384,0.2150096744298935,0.6397061944007874,0
-353.4837951660156,112.13102722167969,98.24211120605469,85.39710235595703,69.59416961669922,53.05814743041992,35.11259078979492,18.125707626342773,3.488194704055786,-8.282547950744629,-16.55565643310547,-21.109085083007812,-21.69289779663086,-20.521059036254883,-16.937807083129883,-12.952646255493164,-8.007168769836426,-3.0978317260742188,-0.037322647869586945,2.080389976501465,267.7247376075825,272.97475961538464,862.3103936504227,0.009690504807692308,0.3823384940624237,0.6414212584495544,0
-214.51205444335938,94.62227630615234,75.06454467773438,45.33258819580078,14.88829517364502,-10.987801551818848,-26.929656982421875,-32.907501220703125,-31.353227615356445,-23.044363021850586,-12.679659843444824,-6.0978240966796875,-3.8583693504333496,-5.575148582458496,-11.559638977050781,-17.54281234741211,-21.167858123779297,-22.86583709716797,-20.087739944458008,-16.373764038085938,721.7696014538958,557.8756009615385,1720.429921435299,0.01748798076923077,0.2334779053926468,0.6282081604003906,0
-337.0328369140625,133.10110473632812,93.08251190185547,47.66485595703125,4.169127941131592,-30.065208435058594,-45.425254821777344,-43.45423126220703,-31.09624671936035,-15.406416893005371,-4.009357929229736,-2.131551742553711,-8.710282325744629,-18.70428466796875,-28.25704002380371,-32.02187728881836,-28.256406784057617,-20.706199645996094,-12.114995002746582,-6.278651714324951,422.14287143405517,484.66271033653845,857.6526442111385,0.019606370192307692,0.17001640796661377,0.6397991180419922,0
-252.577880859375,73.32575225830078,68.8963851928711,59.81370162963867,47.661502838134766,34.23429489135742,20.893836975097656,8.795703887939453,-1.5603114366531372,-9.78936767578125,-15.421321868896484,-19.808591842651367,-21.03473472595215,-19.152727127075195,-16.00897789001465,-12.504887580871582,-9.348287582397461,-6.011613845825195,-3.105339288711548,-1.0944833755493164,636.4701775261628,377.49361478365387,1770.5069615524121,0.010854867788461538,0.2577817738056183,0.6341066360473633,0
-294.9403381347656,100.3958740234375,80.56848907470703,53.364662170410156,24.314428329467773,-2.5321571826934814,-21.218608856201172,-32.63298034667969,-34.350341796875,-28.522369384765625,-20.178386688232422,-10.810212135314941,-5.831762790679932,-3.360522747039795,-4.965813636779785,-11.254312515258789,-17.588909149169922,-22.858964920043945,-25.327295303344727,-23.48168182373047,481.2048841706011,394.55453725961536,1239.4592117638501,0.016443810096153845,0.17733772099018097,0.6402946710586548,0
-314.8023681640625,130.61912536621094,98.38591766357422,57.42482376098633,16.614652633666992,-16.66596221923828,-37.78173828125,-44.24131393432617,-39.030704498291016,-26.247587203979492,-12.543627738952637,-4.205785751342773,-1.9414527416229248,-6.959849834442139,-15.715665817260742,-23.816268920898438,-28.770811080932617,-28.020668029785156,-23.616472244262695,-15.839144706726074,413.77153881962926,452.03162560096155,936.8301677003179,0.017735877403846155,0.2335798144340515,0.6367904543876648,0
-346.60028076171875,128.5160675048828,88.14881134033203,45.90699005126953,3.454665422439575,-27.50958251953125,-42.378013610839844,-41.46799087524414,-29.517425537109375,-14.91694450378418,-4.600261688232422,-2.0482099056243896,-7.874963760375977,-17.844688415527344,-26.99111557006836,-31.254858016967773,-28.076419830322266,-20.68694496154785,-11.588912963867188,-6.106857776641846,408.32584461570696,465.61410757211536,813.8090105631321,0.019576322115384615,0.1844637393951416,0.6421558856964111,0
-275.87652587890625,140.9204559326172,101.76929473876953,52.04888153076172,4.732418060302734,-30.35569190979004,-46.08492660522461,-44.1434326171875,-32.40807342529297,-17.018598556518555,-6.399857044219971,-4.296447277069092,-10.140787124633789,-18.93575096130371,-26.499629974365234,-29.569257736206055,-26.82370376586914,-19.757644653320312,-13.493597984313965,-10.051748275756836,457.2197590235499,488.8037109375,1021.6693065288456,0.018907752403846154,0.27304235100746155,0.6361639499664307,0
-291.05670166015625,120.4811019897461,102.09014129638672,77.54412841796875,48.60989761352539,19.75088119506836,-4.5471696853637695,-21.186922073364258,-30.01854133605957,-31.486064910888672,-28.495813369750977,-20.003860473632812,-11.930542945861816,-5.817708969116211,-2.321904182434082,-2.5064830780029297,-5.075873374938965,-8.315143585205078,-13.33655834197998,-17.9279727935791,387.19729143531663,348.0096905048077,1081.4971710644586,0.01358173076923077,0.31497257947921753,0.6318443417549133,0
-321.91741943359375,118.4695053100586,99.80567932128906,75.48243713378906,47.73664474487305,19.84115219116211,-3.755892753601074,-21.38751983642578,-32.0906982421875,-34.290283203125,-30.6470947265625,-23.435781478881836,-14.613434791564941,-7.460980415344238,-2.0130624771118164,-1.001546859741211,-2.879098892211914,-7.361728668212891,-13.306221008300781,-18.67983055114746,359.46187967291587,344.1999699519231,979.087368341945,0.013814603365384615,0.26416727900505066,0.642131507396698,0
-204.99461364746094,123.13764190673828,95.78527069091797,56.3316650390625,18.193552017211914,-12.189536094665527,-30.17974853515625,-34.37233352661133,-29.024417877197266,-18.642311096191406,-9.259726524353027,-4.228586673736572,-5.405153751373291,-10.628937721252441,-17.08698844909668,-21.37889862060547,-20.795087814331055,-18.911869049072266,-16.313554763793945,-11.666264533996582,596.5626745555601,488.4724308894231,1483.4420015494209,0.017142427884615386,0.32155996561050415,0.6306928396224976,0
-244.22549438476562,99.8385009765625,82.01051330566406,56.60198974609375,28.036680221557617,1.5414342880249023,-17.48843002319336,-29.038328170776367,-32.7952766418457,-29.770883560180664,-21.403030395507812,-12.508356094360352,-6.841271877288818,-3.3594136238098145,-4.059918403625488,-8.55254077911377,-14.009683609008789,-18.700681686401367,-22.18632698059082,-22.610595703125,594.0684029980863,443.74962439903845,1520.1118811829417,0.015790264423076922,0.22180353105068207,0.6327025294303894,0
-277.31561279296875,93.84025573730469,83.73811340332031,67.81339263916016,52.05745315551758,33.40225601196289,14.69965934753418,-1.8169214725494385,-13.746491432189941,-21.670869827270508,-25.492801666259766,-25.72484588623047,-22.490882873535156,-17.3051815032959,-11.2644681930542,-6.500823020935059,-3.202218532562256,-1.2791026830673218,-1.4078500270843506,-3.3774821758270264,470.7542692205063,322.1698467548077,1388.2375569034634,0.0119140625,0.26822447776794434,0.6364461183547974,0
-323.1268615722656,128.6793670654297,104.83484649658203,74.47114562988281,40.949344635009766,8.98249626159668,-15.640153884887695,-31.496557235717773,-38.1887321472168,-36.244224548339844,-27.72136116027832,-17.59137725830078,-8.669464111328125,-2.8022966384887695,-1.9746263027191162,-4.482375144958496,-10.392705917358398,-17.52640724182129,-21.840816497802734,-23.762115478515625,360.86474899285383,374.18081430288464,918.2943601135275,0.014881310096153845,0.2569299638271332,0.6423664093017578,0
-329.4924011230469,126.37659454345703,90.93345642089844,50.245277404785156,9.194406509399414,-22.41546630859375,-40.472389221191406,-43.801856994628906,-34.685020446777344,-21.12494468688965,-8.5369873046875,-2.293306827545166,-3.4168848991394043,-10.844298362731934,-20.9066219329834,-28.653738021850586,-29.852148056030273,-26.080766677856445,-18.608806610107422,-10.600808143615723,414.76880913225716,449.2157451923077,898.3737275835714,0.018637319711538463,0.20082640647888184,0.6411588191986084,0
-228.00247192382812,112.1677017211914,93.60187530517578,65.8553695678711,36.32399368286133,8.543331146240234,-14.254059791564941,-26.913619995117188,-30.881629943847656,-28.242380142211914,-20.924715042114258,-13.199682235717773,-5.89977502822876,-3.2266428470611572,-4.527560710906982,-8.191339492797852,-12.968745231628418,-17.028310775756836,-19.241249084472656,-19.479248046875,545.1879973308862,413.4375,1453.4521824071937,0.014791165865384615,0.33823978900909424,0.6324298977851868,0
-301.46136474609375,102.0545425415039,91.09683990478516,75.56981658935547,57.68696975708008,37.085453033447266,17.11067008972168,-0.1020229235291481,-13.351531028747559,-21.759599685668945,-26.51386833190918,-26.288331985473633,-23.153667449951172,-17.601469039916992,-11.542954444885254,-6.037123680114746,-2.6089909076690674,0.1413055956363678,0.47312426567077637,-1.9117666482925415,393.036567766624,318.02884615384613,1187.667891874934,0.011688701923076923,0.26152896881103516,0.6420212984085083,0
-293.69183349609375,122.58450317382812,103.36121368408203,77.17395782470703,48.0526123046875,18.78617286682129,-6.055084705352783,-22.730403900146484,-31.066404342651367,-32.490386962890625,-27.456567764282227,-19.590730667114258,-11.002110481262207,-4.966517448425293,-2.2684552669525146,-2.4846596717834473,-5.412042617797852,-10.647071838378906,-15.560445785522461,-18.13172721862793,387.1550287757189,358.6106520432692,1070.5054567347704,0.013784555288461538,0.3024081885814667,0.6381813287734985,0
-239.4932403564453,89.16242218017578,66.47217559814453,35.74279022216797,5.68656587600708,-18.20909309387207,-31.056549072265625,-32.12712478637695,-26.082902908325195,-16.483600616455078,-6.673691272735596,-2.618776798248291,-4.7729058265686035,-10.667503356933594,-18.39293670654297,-23.51291275024414,-23.391225814819336,-19.821088790893555,-14.79823112487793,-8.831833839416504,686.6905654510778,578.4149639423077,1613.4331571678329,0.0189453125,0.19065293669700623,0.6322422623634338,0
-293.1762390136719,101.89148712158203,86.32644653320312,66.6598892211914,44.694278717041016,20.66103744506836,-0.21535885334014893,-16.226070404052734,-27.368757247924805,-31.77840232849121,-30.670995712280273,-25.76766014099121,-18.650676727294922,-11.13669490814209,-5.206515789031982,-2.2116074562072754,-1.7252998352050781,-4.574999809265137,-9.76339054107666,-14.919403076171875,438.4594948552455,361.26089242788464,1233.350438934311,0.013469050480769231,0.22131136059761047,0.6402982473373413,0
-248.21746826171875,113.15436553955078,89.36003112792969,55.51990509033203,19.14984893798828,-11.774399757385254,-31.762435913085938,-39.13477325439453,-36.23525619506836,-25.704082489013672,-14.728189468383789,-6.062257289886475,-3.168977737426758,-5.695321559906006,-12.153376579284668,-20.34998893737793,-25.14850616455078,-25.099451065063477,-21.79779624938965,-16.210233688354492,538.5096985910507,449.0501051682692,1339.988857670951,0.017157451923076925,0.26223820447921753,0.6343516707420349,0
-248.80044555664062,76.03878784179688,72.89208984375,66.71395874023438,58.50173568725586,48.22267532348633,37.498023986816406,27.631759643554688,18.465173721313477,9.104582786560059,1.3108890056610107,-6.018396377563477,-10.7158203125,-12.568259239196777,-13.52418327331543,-13.611546516418457,-12.348030090332031,-10.724846839904785,-8.290329933166504,-5.958790302276611,543.1388771112195,260.8830378605769,1672.6505238692812,0.008233173076923077,0.3973412811756134,0.6342752575874329,0
-370.5664978027344,95.27539825439453,84.2276840209961,75.8289566040039,66.77910614013672,55.53036880493164,44.118438720703125,31.287687301635742,19.297348022460938,8.534563064575195,-1.4980274438858032,-9.36219310760498,-14.816515922546387,-18.76081085205078,-20.126224517822266,-20.146440505981445,-18.70277976989746,-16.095230102539062,-12.650659561157227,-8.623275756835938,257.1704201767668,211.35667067307693,922.5472016827007,0.008518629807692307,0.30172866582870483,0.6426298022270203,0
-260.93963623046875,99.24030303955078,88.98200988769531,72.88294219970703,54.29289627075195,33.93993377685547,14.711504936218262,-1.0563762187957764,-13.244698524475098,-21.090499877929688,-24.680002212524414,-24.320758819580078,-20.559627532958984,-15.471076011657715,-9.984199523925781,-5.018695831298828,-1.7206043004989624,-1.1357992887496948,-1.3166561126708984,-4.771711349487305,480.8593374417373,320.0165264423077,1418.2829164330972,0.011763822115384615,0.2919623851776123,0.6374221444129944,0
-340.30572509765625,132.7792510986328,112.35862731933594,92.64322662353516,69.56161499023438,44.76813507080078,21.74576187133789,2.2841010093688965,-12.060500144958496,-20.148517608642578,-22.717432022094727,-21.047409057617188,-16.078895568847656,-10.087447166442871,-4.127744674682617,-0.07162952423095703,1.9906235933303833,2.367668628692627,0.29004254937171936,-2.5239944458007812,267.111096060578,302.2930438701923,786.7602354873126,0.010869891826923076,0.43297481536865234,0.6431415677070618,0
-218.4633331298828,93.26730346679688,70.85585021972656,39.936614990234375,9.207408905029297,-16.737661361694336,-31.457807540893555,-34.34691619873047,-28.399002075195312,-19.070100784301758,-9.731148719787598,-3.6424546241760254,-3.6786694526672363,-9.543574333190918,-16.875375747680664,-22.112648010253906,-23.532596588134766,-21.40020751953125,-16.7279052734375,-11.67143726348877,728.0362329285634,599.6168870192307,1702.2784604135572,0.018479567307692308,0.20441657304763794,0.6341471672058105,0
-269.15118408203125,83.47360229492188,62.589332580566406,35.233070373535156,7.247173309326172,-15.820361137390137,-27.94131851196289,-29.8419132232666,-24.194669723510742,-14.810550689697266,-6.888782501220703,-2.7788846492767334,-5.533255577087402,-12.13830280303955,-19.013452529907227,-23.52480125427246,-24.357213973999023,-19.599939346313477,-13.258259773254395,-7.447688102722168,633.8981952626885,462.1356670673077,1507.3630392028876,0.019208233173076922,0.1579446792602539,0.633675754070282,0
-213.70237731933594,114.8624496459961,86.89613342285156,46.16677474975586,7.471261501312256,-21.465084075927734,-36.66946029663086,-38.83244323730469,-30.24233627319336,-18.315874099731445,-8.560813903808594,-5.168597221374512,-8.032808303833008,-14.21658706665039,-20.952348709106445,-24.972700119018555,-24.243587493896484,-20.228239059448242,-14.503994941711426,-11.003708839416504,629.8862009183823,524.2506760817307,1509.1493959681563,0.018434495192307693,0.2760498523712158,0.6329278349876404,0
-284.6575622558594,105.5283203125,97.05968475341797,82.63582611083984,66.69863891601562,48.591217041015625,29.728857040405273,13.130151748657227,0.19765689969062805,-8.775463104248047,-13.874584197998047,-16.81220817565918,-16.648252487182617,-14.261935234069824,-9.9579439163208,-5.903753280639648,-2.5822200775146484,-0.13564087450504303,0.8217340707778931,1.2661372423171997,356.1710905420816,258.56407752403845,1187.2495977405215,0.009825721153846154,0.44150733947753906,0.6407843232154846,0
-246.25086975097656,90.27186584472656,84.74923706054688,74.45287322998047,62.13278579711914,47.95703125,34.283809661865234,20.580663681030273,9.496516227722168,0.36515533924102783,-6.376525402069092,-10.697977066040039,-13.119528770446777,-12.862987518310547,-10.958268165588379,-8.4154052734375,-5.870408535003662,-2.7373101711273193,-0.1760987937450409,0.6473109126091003,479.0747440818335,273.1403996394231,1520.470753471286,0.008939302884615384,0.47568607330322266,0.6353169679641724,0
-330.7652587890625,86.08529663085938,82.05789947509766,73.74098205566406,65.572998046875,56.0301513671875,45.26715850830078,33.67889404296875,22.77528190612793,12.641715049743652,3.6660289764404297,-3.9851393699645996,-10.367579460144043,-13.57408332824707,-15.781207084655762,-16.435800552368164,-15.489142417907715,-13.75886344909668,-11.010817527770996,-7.847298622131348,316.1019687153845,200.92134915865384,1157.406475485226,0.008030348557692307,0.3530955910682678,0.6393688917160034,0
-224.85548400878906,84.50367736816406,71.97042083740234,52.62928771972656,30.726638793945312,7.934187412261963,-10.035372734069824,-22.30572509765625,-28.28424072265625,-27.966402053833008,-23.664730072021484,-16.847881317138672,-9.779684066772461,-4.761122226715088,-2.329566717147827,-3.3230631351470947,-8.088948249816895,-13.631781578063965,-17.437305450439453,-19.89284324645996,723.3767556228813,503.71131310096155,1798.052147746482,0.015031550480769231,0.2115633189678192,0.6281948089599609,0
-261.28662109375,69.25348663330078,65.18218994140625,57.72724533081055,49.31674575805664,39.85707473754883,29.200336456298828,18.683042526245117,9.00108528137207,0.36206570267677307,-6.371850490570068,-12.299606323242188,-16.727710723876953,-18.404016494750977,-18.89714241027832,-17.265024185180664,-14.998591423034668,-11.750300407409668,-9.153289794921875,-6.545920372009277,613.4227810891173,337.90564903846155,1766.2677142928264,0.009607872596153847,0.26046425104141235,0.6330720782279968,0
-140.9097137451172,89.03770446777344,79.39663696289062,63.148128509521484,45.512351989746094,30.79766082763672,18.737703323364258,12.167391777038574,8.201244354248047,5.006100177764893,2.95821213722229,2.069986581802368,0.5161905288696289,-0.6347410678863525,-1.0961393117904663,-1.8475366830825806,-0.6936252117156982,-1.3021183013916016,-1.5422941446304321,-1.105114459991455,882.7777958709729,771.8825120192307,2191.915846689533,0.009728064903846154,0.5424954295158386,0.628966212272644,1
-16.46271514892578,83.92073059082031,63.907249450683594,38.74470901489258,21.817249298095703,12.49413776397705,8.255982398986816,4.157419681549072,0.7436190247535706,-0.7564252018928528,-1.3188092708587646,-0.7487742900848389,-0.9346209168434143,-0.8121883869171143,-0.1196042075753212,-1.220281720161438,-0.8332440853118896,-0.6120918989181519,-0.32632410526275635,-0.2461022585630417,2130.5630763086933,6303.099834735577,3159.8511205509576,0.03029597355769231,0.5478137731552124,0.4966011047363281,1
7.658627033233643,92.86090850830078,62.005558013916016,29.934167861938477,10.949888229370117,3.5113894939422607,0.6065750122070312,-2.5409648418426514,-4.134891986846924,-4.82836389541626,-3.3231563568115234,-0.9564571976661682,-0.40692397952079773,-0.562677800655365,-1.6072757244110107,-1.7233253717422485,-1.94564950466156,-2.4179799556732178,-1.9398995637893677,-1.7591578960418701,2211.8442200350028,6379.459885817308,3146.6894798567187,0.03750751201923077,0.49725863337516785,0.4948602616786957,1
-9.425750732421875,106.2225112915039,69.09119415283203,31.7352352142334,10.571074485778809,4.128286361694336,1.5371472835540771,-1.1024158000946045,-4.12667179107666,-4.904846668243408,-3.8062288761138916,-1.9908924102783203,-0.9088025093078613,-0.5229285955429077,-0.5861431360244751,-1.775789737701416,-1.829179286956787,-1.6744334697723389,-2.048065185546875,-1.3873775005340576,1730.433524144229,4826.915940504808,2848.0994184120736,0.026434795673076925,0.5132144093513489,0.5742461681365967,1
19.146011352539062,119.9209976196289,54.801063537597656,11.923493385314941,0.6627955436706543,-1.3735511302947998,-3.4900662899017334,-3.218139410018921,-1.5520896911621094,-0.7973939180374146,-1.6005849838256836,-1.5539063215255737,-1.0310616493225098,-1.6698639392852783,-2.2208383083343506,-0.776357889175415,-0.4805629253387451,-1.4708863496780396,-0.44113942980766296,0.2749965488910675,1765.1191117451324,4454.722806490385,2754.8835675247365,0.03585486778846154,0.531380295753479,0.5435923337936401,1
27.74484634399414,125.37911987304688,31.794231414794922,-0.6443462371826172,2.6494414806365967,1.1917119026184082,2.1887807846069336,2.1516242027282715,-0.7033095359802246,-2.27923846244812,-0.638520359992981,0.047511328011751175,-1.3287527561187744,-0.7168207168579102,0.1879810094833374,-0.6053256988525391,-0.8815287947654724,-1.1254905462265015,-0.41843003034591675,0.1585872322320938,1718.4219961599788,3635.3016075721152,2554.4074550332334,0.05043569711538461,0.5748629570007324,0.5222067832946777,1
-36.2158088684082,151.8798370361328,67.1810073852539,13.868213653564453,3.899367094039917,2.272071361541748,-1.797088384628296,-3.5819032192230225,-2.6895976066589355,-1.0454257726669312,-1.2088453769683838,-0.9450385570526123,-0.9007423520088196,-1.5291131734848022,-1.540772795677185,-0.7603020071983337,-1.06178617477417,-1.2162833213806152,-0.7236766815185547,-1.4175751209259033,1026.5236872346563,1203.0434945913462,2036.0107744057032,0.02634465144230769,0.5471778512001038,0.5880981683731079,1
-85.29779815673828,134.43994140625,83.12870025634766,37.99376678466797,16.736064910888672,11.752620697021484,8.409605979919434,3.153890371322632,-0.7120314240455627,-1.9858142137527466,-1.0368374586105347,-0.6220489144325256,0.1458415985107422,0.8617285490036011,-0.14226970076560974,-0.5883533358573914,-0.3258303105831146,-0.03406020253896713,-0.37734749913215637,-0.6740250587463379,887.845211750759,878.7203275240385,2025.048958611016,0.017352764423076924,0.5608423352241516,0.5923449397087097,1
-52.456119537353516,123.59416961669922,78.83763885498047,36.6649169921875,14.564181327819824,6.894075393676758,3.9809317588806152,-0.4405974745750427,-1.5784878730773926,-2.4898622035980225,-3.418647527694702,-1.9152140617370605,-0.9178979992866516,-0.16035573184490204,-0.7286301255226135,-1.6027313470840454,-0.5400394201278687,-0.8857228755950928,-0.9008787870407104,-0.7654029726982117,1189.2159213805771,1883.9896334134614,2387.9407735689933,0.02097355769230769,0.5134719610214233,0.5828787684440613,1
-116.8023910522461,152.06967163085938,96.84516143798828,40.88720703125,8.320266723632812,-0.698163628578186,-0.5677477717399597,-1.2398953437805176,-3.512159585952759,-5.726047039031982,-4.381571292877197,-4.200509548187256,-4.844919204711914,-6.308164119720459,-5.5347089767456055,-4.076172351837158,-3.507110118865967,-3.6973495483398438,-2.62081241607666,-2.0614969730377197,683.4394575696484,571.6237229567307,1672.3218530016197,0.01767578125,0.4894918203353882,0.6274901032447815,1
-71.33399963378906,164.14085388183594,76.777099609375,18.546192169189453,6.483728408813477,6.5155534744262695,-0.23236267268657684,-4.736027717590332,-3.3548054695129395,-1.5630595684051514,-0.7191755771636963,0.26694217324256897,-0.6404786109924316,-1.8466992378234863,-0.9296650886535645,-0.949065089225769,-1.4871187210083008,-1.7200876474380493,-0.7952383160591125,-0.9213753938674927,800.6208715599477,776.5204326923077,1745.850787108048,0.02373046875,0.5396636128425598,0.5966842174530029,1
-78.83077239990234,131.53790283203125,87.65797424316406,40.32329177856445,11.730097770690918,2.117379903793335,0.30667397379875183,-0.5476945042610168,-2.9076731204986572,-4.004087448120117,-4.55162239074707,-4.4833478927612305,-4.807463645935059,-4.3705973625183105,-3.178643226623535,-1.7309305667877197,-1.2744157314300537,-1.4608848094940186,-2.0492234230041504,-2.5081443786621094,976.7785310183664,1013.2200270432693,2135.909037335391,0.019140625,0.4678795039653778,0.605965256690979,1
-63.0133056640625,92.42064666748047,76.173095703125,51.458656311035156,27.51561737060547,11.089073181152344,2.1001365184783936,-1.5162937641143799,-1.542311668395996,-2.2296786308288574,-3.6917738914489746,-4.072530269622803,-3.922900676727295,-3.61362361907959,-4.429419994354248,-5.4155354499816895,-5.887963771820068,-6.644710540771484,-6.016481399536133,-4.835334777832031,1520.9425243880225,4102.240835336538,2760.0780880565835,0.018704927884615384,0.41654863953590393,0.5888881087303162,1
-25.835693359375,86.3177490234375,66.7457046508789,41.41783142089844,20.662935256958008,7.281735420227051,0.6115353107452393,-2.254307746887207,-3.190082550048828,-4.5364670753479,-5.053203582763672,-4.874505519866943,-4.864724636077881,-5.056491374969482,-4.818739414215088,-4.218698501586914,-3.701277494430542,-3.8836851119995117,-4.571543216705322,-4.44843864440918,1980.729142575748,5867.135291466346,3056.0233947041406,0.030821814903846154,0.5112245082855225,0.5252806544303894,1
-174.95175170898438,115.79618072509766,95.3599853515625,68.10865020751953,43.71866226196289,26.09132194519043,14.754935264587402,8.42190170288086,4.60778284072876,1.9380677938461304,0.44301149249076843,-0.6963270902633667,-0.8285585641860962,-1.5973081588745117,-0.7937801480293274,-1.226061224937439,-1.9493001699447632,-2.047231435775757,-0.5517747402191162,-1.1676875352859497,563.9665092429823,323.16368689903845,1667.1978637374405,0.010021033653846155,0.5276362299919128,0.6491923332214355,1
1.0924195051193237,127.68207550048828,56.69919967651367,10.306044578552246,0.0001949897123267874,-1.200510859489441,-3.2200045585632324,-2.6200132369995117,-1.7642807960510254,-2.3746373653411865,-3.0341923236846924,-2.0283546447753906,-1.2784013748168945,-1.5870381593704224,-1.9129481315612793,-2.02042555809021,-2.13749623298645,-1.6277731657028198,-1.5130470991134644,-0.8779411315917969,1562.6121841674553,3441.668419471154,2588.9433091293836,0.03338341346153846,0.5432919859886169,0.5183293223381042,1
-33.938575744628906,96.32234954833984,72.29706573486328,43.9127311706543,20.965559005737305,7.159617900848389,3.1588613986968994,1.5039933919906616,-1.3022302389144897,-2.4936718940734863,-2.865081310272217,-3.1224007606506348,-4.560667037963867,-4.283674716949463,-3.7240052223205566,-2.6925547122955322,-1.1532539129257202,-0.2368326634168625,-1.0339628458023071,-1.4158350229263306,1672.890088635915,4746.580528846154,2858.7963515535675,0.023677884615384615,0.4898388087749481,0.5689709186553955,1
43.58496856689453,90.64647674560547,43.17743682861328,10.451305389404297,2.3040125370025635,0.3632259964942932,-0.3767890930175781,-0.13209019601345062,0.06597720086574554,-1.1116304397583008,-1.4350793361663818,-1.0580179691314697,-0.3551132380962372,0.42917752265930176,-0.5022715926170349,0.04806575924158096,-0.5109960436820984,-0.23756493628025055,-0.5096558928489685,0.14590993523597717,2653.159360257502,7119.208233173077,3254.7844964450856,0.05984074519230769,0.5595338344573975,0.431813508272171,1
-57.600059509277344,143.70925903320312,80.24517059326172,25.200639724731445,2.0786495208740234,-0.897693932056427,-1.8518019914627075,-4.537948131561279,-6.005710124969482,-5.935863494873047,-5.065762042999268,-4.281126976013184,-3.161473274230957,-3.7460553646087646,-4.980631351470947,-3.699211359024048,-2.603654146194458,-2.686920404434204,-3.1245296001434326,-2.901872396469116,983.5294822085505,1038.5629507211538,2062.0882638854414,0.02256610576923077,0.5092310905456543,0.6207893490791321,1
-7.4608612060546875,117.73910522460938,63.701690673828125,22.28330421447754,8.486566543579102,6.052643775939941,1.5915240049362183,-3.086801052093506,-1.4195221662521362,0.09882991760969162,-0.04200674220919609,-0.17590834200382233,-0.6432650685310364,-0.8897458910942078,-0.8007172346115112,-0.45030030608177185,0.006944047287106514,0.5308516025543213,-0.13809670507907867,-0.6731196045875549,1580.8227726025584,3802.2667518028848,2681.5771226824977,0.030393629807692307,0.5390017032623291,0.5552322268486023,1
6.2389349937438965,128.0086669921875,46.936553955078125,9.161280632019043,5.780570983886719,3.505502223968506,1.3575624227523804,1.526044487953186,0.21805502474308014,-0.8667866587638855,-0.08565867692232132,0.5262621641159058,0.3171333372592926,-0.3296886086463928,-0.4615943133831024,-0.23299072682857513,-0.016391025856137276,-0.115884929895401,0.3952579200267792,1.0074738264083862,1526.508884711927,3163.0618990384614,2501.9569460697726,0.03710186298076923,0.5930002331733704,0.5295715928077698,1
-87.75167846679688,96.7765884399414,79.83528900146484,54.407588958740234,29.887279510498047,11.914712905883789,1.31817626953125,-3.4185962677001953,-4.257451057434082,-4.020440101623535,-4.076492786407471,-5.102419853210449,-4.340967655181885,-3.8411200046539307,-4.425797939300537,-5.8110198974609375,-7.0091094970703125,-7.196406364440918,-7.545061111450195,-7.09657621383667,1272.7077607157019,2504.1458834134614,2538.593609899675,0.016676682692307692,0.43930232524871826,0.5969620943069458,1
-2.828984260559082,87.05018615722656,63.316429138183594,35.13972473144531,15.106636047363281,3.779686212539673,-1.1205750703811646,-3.085951566696167,-5.710527420043945,-6.082216739654541,-5.4829301834106445,-4.876372337341309,-3.9423296451568604,-2.915997266769409,-4.2191314697265625,-4.62808084487915,-5.3245391845703125,-5.184990406036377,-4.202418804168701,-3.610304355621338,2169.0080755835297,6339.540640024038,3141.0462142446927,0.03341346153846154,0.5238617658615112,0.5317269563674927,1
-65.80863189697266,173.99700927734375,74.23500061035156,9.400836944580078,-0.5526843070983887,2.171666145324707,-2.7555861473083496,-6.245896339416504,-5.121366500854492,-2.399620294570923,-0.9574714303016663,-0.015208874829113483,-1.435957908630371,-3.898466110229492,-3.5372164249420166,-1.7249928712844849,-2.1129326820373535,-2.725935220718384,-1.5622622966766357,-0.7455039620399475,781.8025779788376,806.9981971153846,1652.7973172668203,0.025067608173076922,0.47310560941696167,0.6349341869354248,1
6.934304714202881,79.47955322265625,59.00579071044922,35.472293853759766,18.931604385375977,9.843822479248047,4.31508207321167,-0.14914263784885406,-2.3625338077545166,-2.618690252304077,-2.62408185005188,-1.3672001361846924,-0.9577339291572571,-1.131653070449829,-2.0981528759002686,-2.4654812812805176,-1.6022605895996094,-1.6730161905288696,-1.8176608085632324,-1.6088656187057495,2454.630187894666,6970.794771634615,3288.795684874282,0.04200721153846154,0.5364360213279724,0.4839753210544586,1
-56.40107345581055,89.46586608886719,72.89859008789062,50.05718231201172,30.894548416137695,17.318605422973633,10.190473556518555,5.698107719421387,2.2294609546661377,0.3009800612926483,-0.6910724639892578,-0.9048058986663818,-1.6087883710861206,-2.157492160797119,-2.7100136280059814,-1.3344392776489258,-0.8776459693908691,-0.9569805860519409,-1.391221284866333,-0.5207924842834473,1536.5175493371742,4274.672100360577,2799.844570700754,0.02002704326923077,0.5296687483787537,0.5818036198616028,1
30.793790817260742,96.43861389160156,50.766693115234375,17.302278518676758,5.118376731872559,1.8806309700012207,0.520820140838623,0.5628934502601624,0.014224397018551826,-1.4221642017364502,-1.6165071725845337,-0.5229577422142029,-0.15355272591114044,-1.1390818357467651,-0.5697721242904663,-0.9785436391830444,-1.010726809501648,-0.43488675355911255,-0.3696422874927521,-1.6921029090881348,2362.720349883384,6531.683067908654,3152.099493589242,0.0498046875,0.5497618317604065,0.4660602807998657,1
29.39400291442871,110.05941009521484,46.86520767211914,9.29323959350586,2.4350998401641846,0.9857704639434814,-0.3031098544597626,0.8657649159431458,0.9623478055000305,-1.2046468257904053,-1.2628662586212158,-0.6643785238265991,-0.7033543586730957,-0.013486025854945183,-0.4030454158782959,-1.113721251487732,-0.38209736347198486,-0.42653995752334595,-0.7744069695472717,-0.2405136376619339,2026.285535262162,5414.275465745192,2912.8445648543484,0.04504206730769231,0.5676177740097046,0.49828943610191345,1
47.68799591064453,103.56591033935547,40.739295959472656,4.289254188537598,-1.719725251197815,-1.5412821769714355,-1.218221664428711,0.2270815521478653,-0.5582098364830017,-2.0748846530914307,-1.623571515083313,-0.23474079370498657,-0.20747046172618866,-1.7254412174224854,-1.145606517791748,-0.5318182110786438,-0.4187304377555847,-0.6119877099990845,-0.825363278388977,-0.5545300841331482,2330.973477748423,6286.370192307692,3057.6148365187323,0.055739182692307696,0.5759220719337463,0.473552942276001,1
23.40462875366211,77.49798583984375,54.129093170166016,28.750282287597656,14.838607788085938,7.768893718719482,3.8939692974090576,1.40627920627594,-0.2733060419559479,0.8543040156364441,0.4528983533382416,-0.8146896362304688,-0.8311429619789124,0.3099496364593506,0.06718055158853531,-0.550876259803772,-0.8390570282936096,-0.7957693338394165,-0.021479997783899307,-0.12431800365447998,2712.6818295169865,7389.2014723557695,3370.458026118132,0.052501502403846156,0.5551340579986572,0.45487019419670105,1
-43.92815017700195,87.89746856689453,71.26838684082031,47.97626495361328,27.500362396240234,14.935028076171875,7.809458255767822,2.8032400608062744,-0.9045015573501587,-1.9521785974502563,-2.341236114501953,-3.3532052040100098,-3.59285569190979,-4.586728096008301,-3.2184321880340576,-1.9865093231201172,-1.1437766551971436,-2.107189893722534,-2.6440231800079346,-2.8837623596191406,1683.822030529591,4892.509390024038,2894.522702630148,0.02147686298076923,0.512194037437439,0.5833130478858948,1
-38.8281364440918,105.46298217773438,74.07516479492188,37.294132232666016,10.70720386505127,-1.7602661848068237,-5.330720901489258,-5.671339511871338,-5.392981052398682,-5.927070617675781,-7.250255584716797,-7.9024338722229,-8.872801780700684,-8.70327377319336,-7.942941665649414,-6.758504867553711,-6.415029525756836,-5.14105749130249,-4.3370256423950195,-4.197901248931885,1539.3946048703215,3860.7376802884614,2704.597499371298,0.0244140625,0.4462640881538391,0.5963394045829773,1
42.641170501708984,90.85044860839844,47.559661865234375,15.083590507507324,4.116203784942627,1.6334656476974487,-0.3998869061470032,-0.7110996842384338,0.853794515132904,0.33663901686668396,-1.023474097251892,-0.5290964841842651,-0.12089716643095016,-0.36649999022483826,0.13011369109153748,0.14602252840995789,-0.6644992828369141,-0.5817380547523499,-0.4444161057472229,-0.33803293108940125,2555.330250778515,6947.7708082932695,3232.0636966229795,0.05586688701923077,0.5691825747489929,0.4765424132347107,1
10.945119857788086,104.57425689697266,57.51882553100586,21.826383590698242,9.15987491607666,5.848865509033203,1.7281074523925781,-0.5029578804969788,0.010026388801634312,1.4806159734725952,1.6333547830581665,0.09969794750213623,-1.3687341213226318,-0.19149929285049438,0.20679612457752228,-0.5131194591522217,-0.021614206954836845,-0.16389532387256622,-0.16697357594966888,-0.3755253851413727,1918.8575358322578,5303.6279296875,2926.198312883144,0.03454777644230769,0.5575529932975769,0.5445809364318848,1
-17.603181838989258,91.1100845336914,67.9674301147461,40.525543212890625,20.528522491455078,9.763425827026367,4.678005218505859,0.9406933188438416,-2.034735679626465,-3.0314886569976807,-2.6045329570770264,-2.5477335453033447,-1.6812992095947266,-1.5045511722564697,-2.2415502071380615,-1.5787631273269653,-1.01530122756958,-2.055546998977661,-2.853330612182617,-2.598020553588867,1898.7534229925348,5594.823091947115,3007.657233531749,0.03194861778846154,0.5336989760398865,0.5490357279777527,1
-104.68496704101562,115.84744262695312,86.88418579101562,53.38117599487305,29.384536743164062,16.09957504272461,10.587689399719238,7.119113445281982,3.7818825244903564,1.0750724077224731,0.10301568359136581,-0.7064889669418335,-0.9948402047157288,-2.2895829677581787,-1.0643600225448608,-0.2812727987766266,0.41167667508125305,-0.4886918067932129,-1.4450660943984985,-0.8163561820983887,875.2773975741796,777.3486328125,2105.8757052260107,0.013874699519230769,0.5565260648727417,0.6348040103912354,1
22.043371200561523,106.42378234863281,56.37472152709961,18.25655174255371,6.756545543670654,2.8683218955993652,-0.7164527773857117,-2.5342013835906982,-1.4458860158920288,0.5827876925468445,-0.3273695409297943,-0.475533664226532,-0.9856964349746704,-0.6173970699310303,-0.2014467716217041,-0.2566898763179779,0.2652389407157898,-0.5200955867767334,-0.49851304292678833,-0.11241424083709717,1999.408274240372,5560.038686899038,2964.1800881175122,0.03870943509615385,0.5498905777931213,0.5432665944099426,1
-83.5082015991211,99.99969482421875,80.65837097167969,52.45397186279297,26.625038146972656,8.896417617797852,0.019597947597503662,-3.9930202960968018,-4.5317277908325195,-4.975526809692383,-4.350683689117432,-4.613581657409668,-4.659008979797363,-5.21775484085083,-5.953988552093506,-6.92681360244751,-6.1589179039001465,-6.243690490722656,-6.368730068206787,-5.9120192527771,1284.385858672854,2542.077448918269,2538.756370113475,0.01817157451923077,0.4553491771221161,0.5878514051437378,1
44.98149108886719,80.7388916015625,48.78738021850586,18.35872459411621,4.5597920417785645,-0.4471806585788727,-2.7830302715301514,-3.756540060043335,-2.514413356781006,-0.7962465286254883,-1.0226067304611206,-2.50258469581604,-2.4649980068206787,-2.015010118484497,-0.9300094842910767,-0.9266138672828674,-1.1959304809570312,-0.5460542440414429,-1.0858875513076782,-1.0770241022109985,2935.756873605788,7650.084510216346,3397.3312808239302,0.06890024038461538,0.5267112255096436,0.4280177056789398,1
10.784500122070312,96.06596374511719,62.60132598876953,29.246761322021484,11.551457405090332,4.55729866027832,0.8833749294281006,-2.757678985595703,-3.5774614810943604,-3.9310925006866455,-1.7083945274353027,-0.5521346926689148,-1.392676591873169,-1.3902605772018433,-0.9970948696136475,-1.4226794242858887,-1.44380784034729,-1.9361149072647095,-1.1793513298034668,-0.4886527955532074,2112.348648844236,6113.442007211538,3095.4329635068916,0.03852914663461538,0.5334615707397461,0.5296635031700134,1
40.900299072265625,101.656494140625,40.18495178222656,6.871506214141846,2.7058908939361572,1.8377110958099365,0.7832558155059814,1.2843384742736816,0.7177915573120117,-1.7183341979980469,-0.8950203657150269,0.3548352122306824,0.5810867547988892,0.06583660840988159,-0.4108465909957886,-0.4310305118560791,-0.3491275906562805,-0.01385208684951067,0.6144863367080688,0.5599948167800903,2261.4288678009034,6049.173677884615,3025.7996799424054,0.05473257211538462,0.6108486652374268,0.485893189907074,1
-4.640988826751709,101.54256439208984,65.83586883544922,30.78593635559082,10.86892032623291,2.955099582672119,0.3529062569141388,-2.863312244415283,-4.537501811981201,-5.3544487953186035,-4.6895551681518555,-2.934385299682617,-2.0613057613372803,-1.6495530605316162,-1.1916007995605469,-2.115276336669922,-2.663991928100586,-2.7279622554779053,-2.7625467777252197,-1.9034734964370728,1868.4247156921367,5325.823692908654,2942.4383735078945,0.030333533653846154,0.5191874504089355,0.5430217981338501,1
-13.886456489562988,126.69020080566406,60.64364242553711,17.42212677001953,7.805930137634277,5.580852031707764,1.090574026107788,-1.1062262058258057,-0.21020910143852234,-0.09432557970285416,0.3271760940551758,-0.521721363067627,-0.232866108417511,0.25532135367393494,0.20760667324066162,-0.4955582320690155,-0.7330909967422485,-0.6897239685058594,-0.4668944478034973,0.21147914230823517,1400.3324599737,2778.777043269231,2487.0681648935933,0.029432091346153846,0.5429304838180542,0.5711531639099121,1
-35.161842346191406,132.96559143066406,75.66864776611328,25.316495895385742,3.8080549240112305,1.8367149829864502,0.10901442170143127,-4.228977680206299,-6.072624206542969,-5.012275695800781,-3.311025619506836,-1.781243085861206,-0.3907339870929718,-0.2665691375732422,-1.7137820720672607,-2.440512180328369,-2.147339344024658,-2.385310411453247,-1.6558116674423218,-1.8310389518737793,1218.9951445831146,1894.921875,2350.639547968727,0.023475060096153848,0.4842449128627777,0.6107251048088074,1
8.61052417755127,125.72837829589844,55.4403190612793,12.705111503601074,3.6997218132019043,0.7656182646751404,-1.6750279664993286,-1.0650922060012817,-1.2453669309616089,-1.9283642768859863,-1.8941419124603271,-0.926900327205658,-0.5567811727523804,-1.7754945755004883,-1.7009729146957397,-1.1934293508529663,-1.1342676877975464,-1.216741681098938,-0.5650599598884583,-1.1341207027435303,1569.9276850163888,3468.8333834134614,2594.8872272498684,0.03544170673076923,0.5464224219322205,0.5574657320976257,1
-29.038026809692383,92.12964630126953,62.88912582397461,34.25680160522461,18.966585159301758,11.98254680633545,6.833969593048096,3.2343952655792236,0.5360497832298279,-1.0338025093078613,-0.3168720602989197,-0.24449706077575684,0.07109788060188293,-0.28879493474960327,-0.9424561858177185,-1.9577057361602783,-1.6786974668502808,-0.3148435354232788,-0.23002246022224426,-1.333614468574524,1885.3057146276076,5406.821664663462,2979.811490242466,0.02784705528846154,0.5609561204910278,0.4910315275192261,1
-8.544797897338867,136.0094451904297,62.1021728515625,12.840568542480469,2.023512363433838,0.2133149802684784,-4.150812149047852,-5.103890419006348,-1.9413453340530396,-0.3381337523460388,0.3633350729942322,-1.5273151397705078,-2.7762367725372314,-2.804760694503784,-0.9146220088005066,-1.226759433746338,-1.6714175939559937,-0.4460025131702423,-0.3577579855918884,-1.1680114269256592,1345.5632742733862,2325.5859375,2403.8608131888477,0.030108173076923078,0.5265364646911621,0.578651487827301,1
-48.93903732299805,75.73507690429688,66.3306655883789,49.94112777709961,34.31843948364258,21.777179718017578,13.170831680297852,7.592390537261963,4.839441776275635,2.410019874572754,0.9157358407974243,0.3066845238208771,-0.5903963446617126,-0.8184598088264465,-1.4781570434570312,-1.8940231800079346,-2.5204920768737793,-3.1415154933929443,-2.490288257598877,-0.901615560054779,1869.287552445331,5673.0051832932695,3055.230890520585,0.024842247596153846,0.5049991011619568,0.561966061592102,1
30.22760772705078,106.51697540283203,51.12503433227539,12.755724906921387,2.8209152221679688,0.17205746471881866,-2.748462438583374,-2.3552756309509277,-0.9735820889472961,-0.3375778794288635,-1.7386153936386108,-1.9904884099960327,-0.8574379682540894,-0.05614235997200012,-0.5616626143455505,-0.933439314365387,-1.0615830421447754,-0.8820734024047852,-1.1067020893096924,-0.46408504247665405,2134.1497258633185,5883.8649338942305,3007.2566164048926,0.04695763221153846,0.5391011834144592,0.5019420981407166,1
-129.95237731933594,139.92564392089844,99.728515625,51.740203857421875,15.912372589111328,-0.8879514932632446,-5.135623455047607,-3.8715591430664062,-3.0529465675354004,-4.192327976226807,-4.913530349731445,-4.797013282775879,-5.277614593505859,-5.961150646209717,-7.39683723449707,-7.835080146789551,-7.40919303894043,-6.370465278625488,-5.5136871337890625,-5.105910301208496,699.5483548226462,525.9070763221154,1738.7660463552718,0.01709735576923077,0.4433770477771759,0.6346204876899719,1
-72.27095794677734,107.08686065673828,77.68511962890625,44.963260650634766,24.086898803710938,14.492116928100586,9.714799880981445,5.185812473297119,1.9317370653152466,0.0922498106956482,-0.5787310600280762,-0.8334439992904663,-0.6190671324729919,-0.9827327132225037,-1.684997320175171,-0.9505223631858826,-1.1113375425338745,0.188548743724823,-0.1854114532470703,-0.8597352504730225,1218.2382773957413,2226.3675631009614,2477.154347126166,0.01866736778846154,0.5526737570762634,0.5653083324432373,1
-35.057701110839844,107.88008117675781,74.89484405517578,36.395172119140625,11.722023963928223,2.864027261734009,-0.43569231033325195,-2.6395554542541504,-4.181707859039307,-4.498419284820557,-4.823685646057129,-5.285315036773682,-4.320468425750732,-3.418586015701294,-3.5418038368225098,-3.227449417114258,-3.336625099182129,-2.6590044498443604,-1.5893099308013916,-1.458177924156189,1561.7999695726817,4028.531024639423,2730.8293975190513,0.025217848557692307,0.4544929265975952,0.5635252594947815,1
28.821638107299805,113.38140869140625,50.16845703125,9.046195983886719,-0.5302813649177551,-1.9826836585998535,-3.8648765087127686,-2.290815830230713,-1.3722314834594727,-1.9275623559951782,-2.6541213989257812,-1.5776526927947998,-0.7291420698165894,-0.9188416004180908,-1.8713209629058838,-1.97003173828125,-1.7622867822647095,-0.3021368682384491,-0.005855032242834568,-0.7585594654083252,1970.0060898135825,5244.163161057692,2876.0687224169837,0.0470703125,0.5401057600975037,0.5077638030052185,1
15.008194923400879,124.8010482788086,43.2244987487793,7.361035346984863,4.456432819366455,2.30350661277771,1.3633451461791992,1.2558941841125488,0.4116564691066742,-1.4687416553497314,-0.2664361894130707,0.7577338218688965,-0.036651890724897385,-0.8993459343910217,-0.905353307723999,-1.1231430768966675,-0.3085383474826813,1.063862919807434,-0.7579151391983032,-2.024714708328247,1617.9004341850393,3520.8443509615386,2558.9932636245826,0.03937049278846154,0.5961505770683289,0.5285546183586121,1
15.157031059265137,81.6033935546875,56.47722625732422,30.328821182250977,15.76573371887207,9.118913650512695,4.281975746154785,2.05991268157959,0.3762810528278351,0.03957058861851692,0.14806976914405823,-0.2758123576641083,-1.2858667373657227,0.16528141498565674,-0.32483771443367004,-0.1855042725801468,-0.06879667192697525,-0.9886528849601746,-0.8009549379348755,-0.36089402437210083,2456.584325400702,6927.065805288462,3269.648099743779,0.04794921875,0.5677168369293213,0.4922596514225006,1
28.57367515563965,114.11519622802734,43.033241271972656,6.8646745681762695,3.4519717693328857,2.457873582839966,0.9085164070129395,2.541693925857544,1.8308460712432861,-1.2937008142471313,-0.8732690811157227,0.8376714587211609,0.8873065114021301,-0.441396564245224,-0.3092709183692932,-0.37402114272117615,-0.129653662443161,0.2705543339252472,0.2970165014266968,-0.2741895914077759,1881.053127808832,4734.654447115385,2791.3657140764485,0.04331430288461539,0.592989444732666,0.5288681983947754,1
-14.404891014099121,151.0924835205078,55.650264739990234,5.50879430770874,1.2477225065231323,0.030147016048431396,-4.03860330581665,-1.9723149538040161,-0.9454790949821472,-1.1371372938156128,-1.9380345344543457,-1.297417402267456,-0.7814413905143738,-1.1716296672821045,-1.8814563751220703,-1.978468894958496,-2.08678936958313,-1.251705527305603,0.7897968292236328,0.2684430778026581,1166.7901471103473,1590.1442307692307,2128.4223386898693,0.03257211538461539,0.5458723902702332,0.5642482042312622,1
15.082181930541992,79.29515075683594,55.34522247314453,31.16070556640625,16.075597763061523,8.174980163574219,3.3986992835998535,-0.062245626002550125,-0.814198911190033,-0.816534161567688,-1.0302393436431885,-1.4158481359481812,-2.655850648880005,-2.041924238204956,-1.99784517288208,-1.7354812622070312,-0.6492773294448853,-1.6276555061340332,-1.8600965738296509,-1.4695221185684204,2550.3571402302628,7095.852989783654,3310.206903341049,0.04555288461538461,0.5646209120750427,0.4702262878417969,1
-60.2760124206543,140.37835693359375,81.6055679321289,26.31014633178711,-0.6623626947402954,-3.6445810794830322,-1.9600045680999756,-3.680626392364502,-6.706745147705078,-7.469849109649658,-6.724628925323486,-7.3664326667785645,-6.716353893280029,-5.074536323547363,-3.3232455253601074,-3.4570679664611816,-2.978426218032837,-3.515207290649414,-2.642030954360962,-2.9290928840637207,1019.7468518186589,1147.2228064903845,2114.6402828201103,0.022896634615384614,0.46220624446868896,0.6192542314529419,1
-25.626296997070312,87.87507629394531,66.05880737304688,40.11398696899414,22.446096420288086,13.753456115722656,8.642743110656738,5.459045886993408,1.6764013767242432,-0.2813517153263092,-0.5957722067832947,-0.38426125049591064,-0.03440361097455025,0.38809868693351746,-0.3276379108428955,-0.27453356981277466,-0.5477674007415771,-0.5534361600875854,0.26530492305755615,0.3085712790489197,1895.652170864866,5614.368614783654,3017.2262676798478,0.025736177884615383,0.5594699382781982,0.5245575904846191,1
-63.1375617980957,114.78904724121094,81.5042495727539,40.975563049316406,12.917340278625488,-0.37618422508239746,-3.4503934383392334,-2.89982533454895,-4.169463634490967,-5.869414806365967,-6.022010326385498,-5.742807865142822,-6.630326271057129,-8.51935863494873,-8.006231307983398,-6.66202449798584,-5.205974102020264,-4.252119064331055,-3.4854466915130615,-3.4226250648498535,1229.7109767773295,2016.6672926682693,2434.717702248417,0.020079627403846154,0.4523479640483856,0.6113376617431641,1
-19.71526527404785,129.0675811767578,67.7605972290039,21.152938842773438,5.515316963195801,2.375098466873169,-1.371975302696228,-4.328219413757324,-3.424253225326538,-2.3588767051696777,-1.1876258850097656,-1.4614753723144531,-1.9791456460952759,-1.5989323854446411,-1.5157033205032349,-1.9608501195907593,-1.9322386980056763,-0.7117437124252319,-1.2720521688461304,-1.784579873085022,1345.4021650918755,2459.5887169471152,2456.830053128211,0.027020733173076922,0.5370032787322998,0.5680410265922546,1
-100.97088623046875,126.55747985839844,90.36602783203125,48.65627670288086,22.324073791503906,12.1320219039917,8.188353538513184,5.201122283935547,1.1817834377288818,-1.0301389694213867,-2.114091634750366,-1.1845147609710693,-1.0249565839767456,-2.4253573417663574,-1.494566798210144,-0.5026014447212219,-0.8897181749343872,0.03819086402654648,0.4195931553840637,0.4870107173919678,854.1287772005176,756.6436298076923,2039.5905104744925,0.01464092548076923,0.5148611068725586,0.6284493207931519,1
12.936478614807129,113.30328369140625,58.728904724121094,16.073274612426758,1.6277841329574585,-1.9849212169647217,-3.6849968433380127,-3.932011127471924,-3.4540903568267822,-1.7793622016906738,-1.7718329429626465,-2.4588379859924316,-1.9635497331619263,-2.1425817012786865,-1.2813154458999634,-1.7478668689727783,-1.6840487718582153,-1.4042528867721558,-1.883399486541748,-1.6194406747817993,1864.9977616010642,5037.278771033654,2863.6606589045537,0.03781550480769231,0.5337391495704651,0.5213860273361206,1
-13.663330078125,103.79302978515625,67.1266860961914,28.973230361938477,8.781534194946289,1.516278862953186,-2.411731719970703,-4.912684440612793,-5.223793029785156,-4.877187252044678,-5.11620569229126,-3.3025639057159424,-3.2448184490203857,-4.6504669189453125,-3.617682933807373,-2.550630569458008,-2.390033006668091,-3.7908833026885986,-3.0444579124450684,-2.303231716156006,1810.240794116875,5104.859900841346,2898.8983119846453,0.030626502403846154,0.52531898021698,0.5213800668716431,1
33.03983688354492,100.75224304199219,53.87955093383789,16.606037139892578,2.9463350772857666,-0.8893052339553833,-2.8818721771240234,-2.8674509525299072,-2.2347795963287354,-1.7350475788116455,-1.9879004955291748,-1.8656055927276611,-1.7867101430892944,-1.6841684579849243,-1.6716139316558838,-2.100064516067505,-1.1535131931304932,-1.1515049934387207,-1.3591889142990112,-1.5748955011367798,2237.7672751624127,6290.345552884615,3094.0741069521714,0.04397536057692308,0.5696158409118652,0.5095545649528503,1
-40.59381103515625,101.1437759399414,72.36372375488281,37.294612884521484,12.330926895141602,0.1920725703239441,-4.728960037231445,-5.910224914550781,-6.630453109741211,-6.6827392578125,-7.2464213371276855,-8.13601016998291,-7.676143646240234,-7.884546756744385,-7.275615215301514,-6.250460147857666,-5.905359268188477,-5.463099002838135,-6.210905075073242,-5.689186096191406,1585.2208563261872,4175.122445913462,2752.6340545205803,0.023182091346153847,0.48875367641448975,0.5841046571731567,1
-73.16703796386719,86.17730712890625,74.99342346191406,55.617889404296875,36.17009735107422,20.694576263427734,10.27254581451416,4.185869216918945,1.78550124168396,-0.13506275415420532,-0.5623246431350708,-0.9254587292671204,-0.8574275970458984,-0.8680921196937561,-2.4968738555908203,-2.1882705688476562,-2.536564350128174,-3.2037479877471924,-2.977381706237793,-2.5787298679351807,1458.183941487147,3900.4912860576924,2749.4345527970736,0.017405348557692307,0.4620450437068939,0.5986364483833313,1
46.16747283935547,91.09740447998047,36.92030334472656,5.485743999481201,0.6883363723754883,1.0401121377944946,1.853495478630066,2.2277894020080566,1.2310913801193237,-1.808675765991211,-1.714860200881958,0.8323144912719727,0.026899704709649086,-0.614503026008606,-0.17519675195217133,-0.2913817763328552,-0.010348950512707233,0.18654555082321167,-0.048284608870744705,0.5884756445884705,2641.2196392623405,6995.475135216346,3207.9546807153324,0.0658203125,0.5625185966491699,0.43629834055900574,1
-48.82198715209961,70.3170166015625,61.667205810546875,47.16735076904297,33.95637893676758,23.137134552001953,16.103736877441406,11.587973594665527,7.172082424163818,5.459133148193359,2.8844974040985107,0.9116964936256409,0.41043293476104736,-0.09568111598491669,-1.3756310939788818,-1.4120351076126099,-1.4980130195617676,-1.709609031677246,-0.7630129456520081,-0.2600066661834717,1922.7948379296986,5883.699293870192,3094.1815408464536,0.022986778846153848,0.5750504732131958,0.5567594170570374,1
-16.551694869995117,120.88871765136719,67.66272735595703,22.426759719848633,5.424565315246582,1.9339501857757568,-1.8668040037155151,-4.629716396331787,-5.174956798553467,-4.19948148727417,-1.9183608293533325,-0.7557886242866516,-2.32633113861084,-2.43672251701355,-2.663729667663574,-2.159965753555298,-2.7582151889801025,-1.9351928234100342,-1.8944053649902344,-2.941743850708008,1499.1470336518798,3377.565730168269,2613.4694878482455,0.029454627403846155,0.5168078541755676,0.5475770235061646,1
9.702775955200195,109.74716186523438,60.535301208496094,18.869726181030273,2.8552558422088623,-1.2409796714782715,-3.1091601848602295,-3.954874277114868,-3.4612860679626465,-2.148712396621704,-2.025146007537842,-2.835480213165283,-2.630784034729004,-2.152954339981079,-1.8225245475769043,-1.987809419631958,-1.8581912517547607,-1.75364351272583,-1.5081428289413452,-1.1073042154312134,1916.696078149066,5296.339768629808,2918.1030657644897,0.03707932692307692,0.5415852069854736,0.5115131735801697,1
-68.60257720947266,126.59649658203125,82.2391586303711,36.295066833496094,9.207367897033691,0.759754478931427,-0.7287923097610474,-1.8378931283950806,-3.648838758468628,-4.80781364440918,-4.636368751525879,-4.840241432189941,-5.1226959228515625,-3.9185452461242676,-2.650758981704712,-2.321150302886963,-1.603492259979248,-2.7082295417785645,-2.632340669631958,-1.9302821159362793,1150.9109770846203,1655.4064002403845,2323.6870780542818,0.02062049278846154,0.45153024792671204,0.5521478056907654,1
-50.19143295288086,120.10099792480469,77.38883209228516,33.18050765991211,7.566808223724365,-1.0786248445510864,-3.3577208518981934,-4.2048797607421875,-5.651110649108887,-6.641009330749512,-6.375721454620361,-6.17123556137085,-6.27300500869751,-5.477525234222412,-4.990627288818359,-4.457651615142822,-4.4531941413879395,-4.599208831787109,-4.377957820892334,-3.5055124759674072,1264.684393503691,2150.835712139423,2436.812885455303,0.022288161057692307,0.4902057349681854,0.5815263390541077,1
5.9819655418396,103.94569396972656,63.87553405761719,26.44654083251953,8.407312393188477,3.380530834197998,0.07229882478713989,-4.463730335235596,-5.635473251342773,-4.176396369934082,-1.8537133932113647,-0.982164740562439,-0.46196606755256653,-1.7054637670516968,-2.448892593383789,-2.094480037689209,-1.6687593460083008,-1.5137866735458374,-2.1947858333587646,-2.005966901779175,1922.3673897482731,5475.065354567308,2959.6875780043283,0.035884915865384615,0.5091415047645569,0.5401212573051453,1
30.7545108795166,112.19917297363281,38.29307556152344,3.738900899887085,0.991873025894165,0.8305371999740601,1.0676277875900269,1.6865469217300415,-0.6905075311660767,-1.7818999290466309,-0.7839668393135071,0.22466568648815155,-0.34809762239456177,-1.0281413793563843,-0.5803839564323425,-0.10578538477420807,0.10689670592546463,0.34227222204208374,0.002802428789436817,-0.8837845921516418,2030.8531394091076,5183.704552283654,2850.3888816961044,0.050405649038461536,0.5704307556152344,0.4621392488479614,1
46.93421936035156,105.35084533691406,42.513389587402344,5.770204544067383,-0.6917756199836731,-1.562719702720642,-1.5192384719848633,-0.11931366473436356,-0.6644916534423828,-1.7159907817840576,-1.00143301486969,-0.43979501724243164,-0.8936430811882019,-1.0513912439346313,-1.878167748451233,-1.1116538047790527,-1.298978328704834,-0.9518944025039673,0.09138139337301254,-0.4968516528606415,2254.783936076807,6105.491286057692,3026.908933720948,0.050135216346153845,0.5522862076759338,0.4949271082878113,1
11.612092018127441,112.4537582397461,60.38798904418945,19.456771850585938,3.8265304565429688,-0.39163610339164734,-2.71047306060791,-4.4948296546936035,-3.2462105751037598,-1.6300311088562012,-0.11807559430599213,-0.9330154657363892,-2.255448579788208,-2.905810594558716,-1.9451422691345215,-1.5911630392074585,-1.7912726402282715,-1.1405364274978638,-1.1815619468688965,-0.9927133321762085,1842.2958419214183,4998.353365384615,2862.4007988376975,0.03439753605769231,0.5193858742713928,0.5390648245811462,1
-39.979461669921875,142.31298828125,73.66970825195312,18.84756088256836,1.506785273551941,0.8641999363899231,-1.8087764978408813,-5.1395263671875,-5.693766117095947,-3.8214786052703857,-1.813807487487793,-1.7468883991241455,-1.5898127555847168,-1.7061035633087158,-2.606750249862671,-2.239100694656372,-2.4096062183380127,-1.8317091464996338,-1.514023780822754,-1.7065081596374512,1122.6948444515422,1511.630859375,2202.9383270727153,0.024646935096153847,0.5020720362663269,0.5802974700927734,1
-18.189218521118164,99.9480209350586,68.57139587402344,36.83576202392578,17.307029724121094,8.329829216003418,4.940967082977295,1.9902399778366089,-1.1609283685684204,-2.906825065612793,-2.3327596187591553,-0.9466273784637451,-0.26502642035484314,-0.5425522923469543,-0.8394764065742493,-0.925696611404419,-1.0039341449737549,-1.2437974214553833,-1.0183560848236084,-0.16252294182777405,1751.836146126957,4987.421123798077,2895.430771186458,0.02647235576923077,0.5448971390724182,0.5497387647628784,1
-31.936565399169922,107.64576721191406,73.21654510498047,38.462188720703125,16.816490173339844,8.056990623474121,4.226614475250244,0.766017496585846,-1.4006341695785522,-3.0528564453125,-2.6575403213500977,-2.5461959838867188,-1.3106588125228882,-0.1426188349723816,-0.6682867407798767,-1.2081117630004883,-0.4828348755836487,-0.848676323890686,-0.7145645618438721,-1.1115663051605225,1517.821909878044,3826.2845552884614,2710.699897102172,0.02198768028846154,0.5060948133468628,0.5762292742729187,1
-24.588777542114258,105.48921966552734,68.66781616210938,33.75880432128906,15.425528526306152,9.308115005493164,6.118206024169922,1.600199818611145,-1.6962789297103882,-1.887103796005249,0.08703507483005524,0.3720901608467102,-0.21162045001983643,-0.774418294429779,-1.3649336099624634,-0.5542567372322083,-0.8618310689926147,-0.5685710906982422,-0.8124265074729919,-0.47392383217811584,1619.2400838347044,4312.603665865385,2782.3289058129094,0.026066706730769232,0.5649188160896301,0.5404819846153259,1
-56.95484161376953,138.4799346923828,76.09549713134766,28.282094955444336,12.442625045776367,9.111157417297363,4.495159149169922,0.05771716311573982,-1.505089521408081,-0.9965208768844604,-0.9724134802818298,-0.3586035966873169,-0.6297221183776855,-0.9758273959159851,-0.19314245879650116,-0.06652101129293442,-0.9049111008644104,-1.200612187385559,-0.24607595801353455,0.19790664315223694,986.609455139451,1130.9900841346155,2095.0448883952704,0.021567007211538463,0.5429959893226624,0.6179351806640625,1
-69.34221649169922,158.86134338378906,78.74745178222656,21.41765594482422,7.027786731719971,5.0557403564453125,-0.09099981188774109,-3.8719863891601562,-3.5627572536468506,-1.9547688961029053,-1.0746053457260132,-0.770348846912384,-1.0894054174423218,-0.9386354684829712,-0.9798155426979065,-1.4208444356918335,-1.5741485357284546,-0.6709643602371216,-1.5389899015426636,-1.971303105354309,826.8111654137765,797.0597956730769,1810.4219093435065,0.022288161057692307,0.5156281590461731,0.6083986759185791,1
-59.40363693237305,99.33949279785156,77.17797088623047,48.65276336669922,26.658729553222656,15.14378547668457,9.175655364990234,4.420592784881592,1.8991326093673706,-0.12371180951595306,-0.4126465320587158,-0.5304113626480103,-1.1955591440200806,-2.1849753856658936,-1.2780327796936035,-0.7694297432899475,-0.4873693585395813,-0.7591882348060608,-1.4651204347610474,-0.5865342617034912,1367.499528269312,3230.1461087740386,2643.133183774666,0.016841947115384615,0.5091151595115662,0.5975919961929321,1
47.58252716064453,94.1144027709961,42.10988235473633,9.014046669006348,2.47244930267334,1.3432543277740479,0.4782946705818176,1.0437933206558228,1.2896720170974731,-1.1033859252929688,-0.9948818683624268,-0.19389352202415466,0.2492707520723343,-0.35290786623954773,-1.1845401525497437,-0.37762969732284546,-0.4629499614238739,0.1713211089372635,0.5881279706954956,-0.8297128677368164,2507.7050948405918,6785.277944711538,3182.2517336284095,0.059630408653846154,0.5711243748664856,0.47754237055778503,1
14.815200805664062,105.19337463378906,58.545318603515625,21.176668167114258,6.798137664794922,1.6814738512039185,-1.6149717569351196,-1.6249326467514038,-1.5685770511627197,-2.187415838241577,-2.476959466934204,-2.4853739738464355,-1.1612415313720703,-1.449608325958252,-1.5768765211105347,-1.4918543100357056,-2.4280734062194824,-2.1772806644439697,-1.5639235973358154,-0.1247258260846138,1999.001879281407,5624.638296274038,2975.268919560054,0.038514122596153846,0.5602408051490784,0.5146723985671997,1
-29.39897918701172,82.2127914428711,66.94818115234375,44.353302001953125,25.84035301208496,12.803315162658691,6.44223165512085,3.7081830501556396,1.1721817255020142,-0.634432852268219,-1.6875004768371582,-2.4835596084594727,-2.9886574745178223,-3.1727395057678223,-2.764852285385132,-2.7462053298950195,-1.2373296022415161,-1.2809585332870483,-1.6140294075012207,-1.2258667945861816,2023.4271340949686,6079.9827223557695,3117.7052814562667,0.026667668269230768,0.5063052177429199,0.5079475045204163,1
32.19920349121094,116.0184555053711,48.515167236328125,7.626033782958984,-0.40444305539131165,-1.8860893249511719,-2.216049909591675,-1.426451563835144,-0.8313809633255005,-1.7349799871444702,-2.3241310119628906,-1.3060411214828491,-1.0013165473937988,-1.697175145149231,-2.1779520511627197,-1.5405468940734863,-0.7266905307769775,-0.640998363494873,-1.7982943058013916,-1.9264076948165894,1932.1780061980307,5056.161733774038,2847.9823329169676,0.04423828125,0.5597324967384338,0.520979642868042,1
-52.45047378540039,119.66749572753906,78.49519348144531,38.84376907348633,17.10559844970703,9.570932388305664,6.079133987426758,1.4376640319824219,-0.703431248664856,-2.438112735748291,-2.145064353942871,-1.6008275747299194,-0.9244727492332458,-0.2844157814979553,-0.5828180909156799,-1.6299772262573242,-1.318435549736023,0.06402794271707535,-0.9444581866264343,-1.1305996179580688,1194.158382360524,2000.2689302884614,2406.353188201261,0.019471153846153846,0.5283613204956055,0.6038002371788025,1
14.76797103881836,97.37698364257812,58.83028030395508,23.356470108032227,5.467295169830322,0.3624575734138489,-1.9234485626220703,-4.306899070739746,-4.377185344696045,-2.0607383251190186,-1.6329700946807861,-1.921586513519287,-2.785022497177124,-2.5663411617279053,-2.1147348880767822,-1.2384809255599976,-1.4791096448898315,-1.1993378400802612,-1.3426733016967773,-2.0014541149139404,2222.781544659172,6288.192232572115,3111.9406258647678,0.04016676682692308,0.5280728340148926,0.48572632670402527,1
-14.58814525604248,128.640869140625,64.94409942626953,19.34600067138672,7.92567777633667,5.804792881011963,1.1953638792037964,-1.0205439329147339,-0.21291033923625946,0.03555964678525925,0.14631614089012146,-0.15388521552085876,-1.0959490537643433,-0.7976944446563721,-0.30363786220550537,-0.3807346820831299,-0.5392572283744812,0.11449049413204193,0.2809884250164032,-0.5403953790664673,1348.5239298344,2527.1698467548076,2453.3831270327105,0.028282752403846152,0.5684041976928711,0.5873233675956726,1
-37.82416534423828,110.63690948486328,74.06888580322266,32.577144622802734,6.181393623352051,-3.204111099243164,-5.654197692871094,-5.515979290008545,-5.863461494445801,-6.935431480407715,-8.21253776550293,-9.160029411315918,-8.566228866577148,-7.696530342102051,-6.137156963348389,-6.17404842376709,-6.056620121002197,-4.7278218269348145,-4.759093284606934,-4.234639644622803,1484.313370810767,3484.072265625,2641.2521636804127,0.02509765625,0.4817779064178467,0.5839051604270935,1
0.31209293007850647,113.57620239257812,59.951316833496094,20.884370803833008,8.893867492675781,5.245508670806885,0.41091474890708923,-2.5270538330078125,-1.3523374795913696,0.4652444124221802,0.4495752155780792,-0.13504773378372192,-0.4792930483818054,-0.06766895204782486,-0.5350626111030579,-0.7947838306427002,-0.11563222110271454,-0.2433532476425171,0.04879646375775337,-0.02909504808485508,1705.00517297289,4372.3997145432695,2765.3025885212737,0.03404447115384615,0.5485841631889343,0.5369784235954285,1
58.43342971801758,87.72383117675781,29.288469314575195,0.03318801149725914,-1.2128692865371704,1.3104474544525146,2.6005468368530273,0.9254627227783203,-1.597120761871338,-1.5318447351455688,0.4567407965660095,0.24808387458324432,-0.33555135130882263,-0.3892379701137543,0.10587026178836823,0.5206867456436157,-0.911564826965332,-0.6088711619377136,-0.524570882320404,-0.8155129551887512,2824.0483896441983,7239.628530649038,3232.9553170561057,0.07865835336538461,0.5787661671638489,0.4152385890483856,1
9.477081298828125,125.21720123291016,42.568321228027344,5.3482866287231445,3.0390541553497314,0.8651382327079773,-0.3826419413089752,1.2661657333374023,1.2383838891983032,-0.9614414572715759,-1.549898624420166,-0.0918307974934578,0.5778144598007202,-0.6471421718597412,-1.0402424335479736,0.2827005684375763,0.6132681369781494,0.2156413495540619,0.445858359336853,0.027154361829161644,1640.035101089157,3536.083233173077,2565.700847652467,0.041075721153846154,0.582252562046051,0.4992259740829468,1
3.6105661392211914,64.33535766601562,54.263023376464844,38.21296310424805,24.65974998474121,16.50391387939453,9.881966590881348,6.3353471755981445,3.8368260860443115,1.7511074542999268,0.4550970196723938,-0.7312037348747253,-0.15402752161026,0.44508975744247437,0.02792433276772499,-0.34422680735588074,-1.1184532642364502,-0.9969706535339355,-0.26003485918045044,0.24421624839305878,2741.4528086352616,7482.456805889423,3424.618736834898,0.04067007211538461,0.5348246097564697,0.47371023893356323,1
26.731027603149414,89.45614624023438,55.97929000854492,24.219614028930664,8.064571380615234,2.0181069374084473,-1.820778489112854,-4.560901165008545,-3.828813314437866,-2.7864878177642822,-0.18396002054214478,-0.3296964168548584,-1.3680914640426636,-2.3136045932769775,-2.243131160736084,-1.8034003973007202,-2.2965128421783447,-1.9250199794769287,-0.7072960138320923,-0.7348512411117554,2471.4025362484263,6895.428560697115,3249.2670178431044,0.046814903846153846,0.5037673711776733,0.4731585383415222,1
-87.67535400390625,167.15121459960938,85.24687957763672,18.01397705078125,-5.399583339691162,-2.2674055099487305,-0.2646411955356598,-4.47840690612793,-7.59699010848999,-6.991199970245361,-5.863531589508057,-5.7435808181762695,-4.953125,-2.64428448677063,-1.3613189458847046,-2.4035770893096924,-3.315103054046631,-2.3760764598846436,-2.4730541706085205,-3.654338836669922,752.0481069357547,723.0187049278846,1667.1835841921995,0.02207782451923077,0.4468935430049896,0.6420136094093323,1
2.716614246368408,127.76858520507812,59.34505844116211,12.614779472351074,0.8856160044670105,-1.012656569480896,-2.9686508178710938,-4.164786338806152,-2.413069009780884,-0.7843876481056213,-1.5879449844360352,-1.7743611335754395,-2.139691114425659,-2.2728235721588135,-1.7692146301269531,-1.0730180740356445,-1.7524477243423462,-1.4283809661865234,-1.471726655960083,-1.4360060691833496,1545.4965683287294,3388.332331730769,2592.659352715617,0.03194110576923077,0.5558977127075195,0.5472635626792908,1
